sku,name,unit_price,qty_display,bullets,upc,section,section_order,group_title,group_order,item_order
3ANN5909,H&H Ceramic Ionic Turbo 3000 Hair Dryer Black & Rose Gold,17.25,3pc/12pc,Smooth results 50% faster vs. leading dryer | Ceramic Ionic Function | 3 Heat settings & cool shot button | High power super quiet | Concentrator & hair pik attachments included | Hanging Loop | 120V,705372059099,ELECTRICAL & THERMAL,1,HAIR DRYER,1,1
3ANN5903,H&H Ceramic Ionic 1875 Hair Dryer Grey,17.25,3pc/12pc,Smooth results 35% faster vs. leading dryer | Ceramic Ionic Function | 6 Speed and Heat Settings | Quiet Powerful Motor | Lightweight / Ergonomic Design | Concentrator & hair pik attachments included | Hanging Loop | 1875W | 120V,705372059037,ELECTRICAL & THERMAL,1,HAIR DRYER,1,2
3ANN5904,H&H Ceramic Ionic 1875 Hair Dryer Purple,17.25,3pc/12pc,Smooth results 35% faster vs. leading dryer | Ceramic Ionic Function | 6 Speed and Heat Settings | Quiet Powerful Motor | Lightweight / Ergonomic Design | Concentrator & hair pik attachments included | Hanging Loop | 1875W | 120V,705372059044,ELECTRICAL & THERMAL,1,HAIR DRYER,1,3
3ANN5907,H&H Mini Pro Turbo 2000 Hair Dryer Grey & Purple,11.49,3pc/24pc,High power motor | 3 heats / speeds settings | Ceramic ionic grill for even heat and reduced frizz | Cool shot to set your style | Styling pik & concentrator nozzle | Hanging loop | Mini and lightweight design perfect for travel,705372059075,ELECTRICAL & THERMAL,1,HAIR DRYER,1,4
3ANN5912,H&H Mini One Step Hair Styler Black & Rose Gold,17.25,3pc/12pc,"Small size perfect for travel | Ceramic Ionic technology: obtain fast results, eliminating static and frizz, making the hair smoother | Tangle-free combination bristles: includes nylon bristles with round tips for rapid detangling and wild boar bristles that naturally condition the hair, reduce frizz, and create shine | Oval design with cool tip to straighten and create volume | Unique airflow vents design for faster drying | Ceramic coating: helps protect the hair by providing even heat distribution | Professional tangle-free swivel cord | Multiple heat settings | 600W | 120V",705372059129,ELECTRICAL & THERMAL,1,HAIR DRYER,1,5
3ANN5906,H&H 2 in 1 Hair Styler Dryer,18.39,3pc/12pc,"2 in 1 design, the power of a dryer in a brush | Soft cushion detangling bristles and large vent holes allows hair to dry quickly | Removable cushion pad makes cleaning quick and easy | Ceramic ionic technology | 3 Heat settings | Tangle-free cord | 1000W | 120V",705372059068,ELECTRICAL & THERMAL,1,HAIR DRYER,1,6
3ANN5948,H&H Heated Straightening Brush White,17.25,3pcs/12pcs,"Straightens hair 2 times faster than a flat iron | Tourmaline plated bristles provide even heat | Over 430°F high heat | Creates negative irons for shiny, frizz-free hair | 360° Swivel cord for easy styling",705372059488,ELECTRICAL & THERMAL,1,HEAT BRUSH,2,1
3ANN5908,H&H One Step Hair Styler & Dryer Black & Gold,19.50,3pc/12pc,"Ceramic Ionic technology: obtain fast results, eliminating static and frizz, making the hair smoother | Tangle-free combination bristles: includes nylon bristles with round tips for rapid detangling and wild boar bristles that naturally condition the hair, reduce frizz, and create shine | Oval design with cool tip to straighten and create volume | Unique airflow vents design for faster drying | Ceramic coating: helps protect the hair by providing even heat distribution | Professional tangle-free swivel cord | Multiple heat settings | 1200W | 120V",705372059082,ELECTRICAL & THERMAL,1,HAIR DRYER,1,7
5912,H&H Mini One Step Hair Styler Black & Rose Gold,,3pc/12pc,"Small size perfect for travel | Ceramic Ionic technology: obtain fast results, eliminating static and frizz, making the hair smoother | Tangle-free combination bristles: includes nylon bristles with round tips for rapid detangling and wild boar bristles that naturally condition the hair, reduce frizz, and create shine | Oval design with cool tip to straighten and create volume | Unique airflow vents design for faster drying | Ceramic coating: helps protect the hair by providing even heat distribution | Professional tangle-free swivel cord | Multiple heat settings | 600W | 120V",705372059129,ELECTRICAL & THERMAL,1,HAIR DRYER,1,8
3ANN5803,H&H Professional Turbo 1875 AC Hair Dryer,19.55,3pc/12pc,Ceramic Ionic Function | Wide Air Inlet and Outlet | 3 Adjustable Power Settings | Convenient Cool Shot Button | 1875 W,705372058030,ELECTRICAL & THERMAL,1,HAIR DRYER,1,9
1AN5800,H&H Hair Dryer Attachment For #5803 Black,,12pc/72pc,"Attachment for hair dryer #5803 | Lifts, shapes and smooths hair as you dry",705372058009,ELECTRICAL & THERMAL,1,HAIR DRYER,1,10
3ANN5916,H&H Hood Hair Dryer Black & White,36.25,1pc/4pc,Extra large hood to accommodate large rollers | Adjustable column | 360° even heat | 3 Heat settings | Ceramic ionic technology | Easy fold-up and fancy carrying case | Provides excellent overall coverage for smooth and even drying | 1875W | 120V,705372059167,ELECTRICAL & THERMAL,1,HAIR DRYER,1,11
3ANN5840,H&H Stand Hair Dryer Black,119.55,1pc,Ceramic Ionic Function | 3 Temperature Settings | 60 Minute Timer | Durable stand with adjustable height extension | Built-in airflow diffuser for adjustable circulation | Heavy-duty spin lock | 1300W | 120V,705372058252,ELECTRICAL & THERMAL,1,HAIR DRYER,1,12
1AN2970,H&H Heat Cap Dryer Attachment 100Cm Red,6.95,6pc/48pc,Great for hair conditioning services and treatments | Control the temperature by covering air vents | Hand washable | Perfect for travel | Fits most hair dryers | Extra long tube (100cm) | Free dryer holder included,705372029702,ELECTRICAL & THERMAL,1,HAIR DRYER ATTACHMENTS,3,1
3ANN2971,H&H Super Jumbo Heat Cap Dryer Attachment Black,7.49,3pc/24pc,Super Jumbo Size | Fitting big rollers | Great for hair conditioning services and treatments | Control the temperature by covering air vents | Hand washable | Perfect for travel | Fits most hair dryers | Extra long tube (100cm) | Free dryer holder included,705372029719,ELECTRICAL & THERMAL,1,HAIR DRYER ATTACHMENTS,3,2
1AN2993-6,Annie Large Finger Diffuser Black,5.75,6pc/24pc,Gently dries hair for soft and easy style | Fits most hand-held dryers,705372029931,ELECTRICAL & THERMAL,1,HAIR DRYER ATTACHMENTS,3,3
1AN3000,Annie Screw Tighten Hair Dryer Pik Black,2.05,1dz/10dz,"Lifts, shapes and smooths hair as you dry | Universal fit for most hand-held dryers",705372030005,ELECTRICAL & THERMAL,1,HAIR DRYER ATTACHMENTS,3,4
1AN3001,Annie Snap On Hair Dryer Pik Black,1.75,1dz/10dz,"Lifts, shapes and smooths hair as you dry | Universal fit for most hand-held dryers",705372030012,ELECTRICAL & THERMAL,1,HAIR DRYER ATTACHMENTS,3,5
1AN3002,Annie Turbo Snap-On Hair Dryer Pik Black,2.29,1dz/10dz,"Lifts, shapes and smooths hair as you dry | Universal fit for most hand-held dryers",705372030029,ELECTRICAL & THERMAL,1,HAIR DRYER ATTACHMENTS,3,6
1AN2987,Annie Universal Fit Hair Dryer Nozzle Black,2.29,1dz/10dz,"Lifts, shapes and smooths hair as you dry | Universal fit for almost all hair dryers",705372029870,ELECTRICAL & THERMAL,1,HAIR DRYER ATTACHMENTS,3,7
1AN2999,Annie Extra Super Hair Dryer Pik Black,2.89,1dz/5dz,"Lifts, shapes and smooths hair as you dry | Universal fit for most hand-held dryers",705372029993,ELECTRICAL & THERMAL,1,HAIR DRYER ATTACHMENTS,3,8
3ANN5894,H And H Extra Long Titanium Flat Iron 1” Red,17.25,3pc/12pc,Titanium plates protect hair and provide fast even heat distribution | Temperature Controller | Tangle free cord | 120V,705372058948,ELECTRICAL & THERMAL,1,FLAT IRON,4,1
3ANN5988,H&H 3 Barrel Waver 3/4” Hot Pink,15.00,3pc/12pc,3/4” Barrels for “S” waves,705372059884,ELECTRICAL & THERMAL,1,FLAT IRON,4,2
3ANN5987,H&H 3 Barrel Wave Iron Hot Pink,15.00,3pc/12pc,1” Barrels for large “S” waves,705372059877,ELECTRICAL & THERMAL,1,FLAT IRON,4,3
3ANN5872,H&H Gold Ceramic Electrical Flat Iron 1/2” On/Off Black,9.49,3pc/24pc,1/2” Wide plates | 120V,705372058726,ELECTRICAL & THERMAL,1,FLAT IRON,4,4
3ANN5871,H&H Gold Ceramic Electrical Flat Iron 1” On/Off Black,9.49,3pc/24pc,1” Wide plates | 120V,705372058719,ELECTRICAL & THERMAL,1,FLAT IRON,4,5
3ANN5873,H&H Value Combo Gold Ceramic Flat Iron On/Off Black,14.95,3pc/12pc,"Includes 1” flat iron, 1/2” flat iron | Includes Free Travel Pouch",705372058733,ELECTRICAL & THERMAL,1,FLAT IRON,4,6
3ANN5920,H&H Gold Ceramic Flat Iron 1” Black,8.05,3pc/24pc,1” Wide plates,705372059204,ELECTRICAL & THERMAL,1,FLAT IRON,4,7
3ANN5938,H&H Nano Titanium Pro Digital Pencil Flat Iron 3/10” Blue,11.49,3pc/12pc,The flat iron’s thin & long plates make it ideal for short hair & edge styling | 3/10” Nano titanium 3D floating plates | 10 temperature settings 280° 300° 320° 340° 360° 380° 400° 420° 440° & 460° | 1 Hour auto shut-off | Worldwide dual voltage 120V - 240V | Plate lock for easy carrying & storage | 360° Swivel cord,705372059389,ELECTRICAL & THERMAL,1,MULTI-STYLER,5,1
3ANN5898,H&H Muti-Styler 1” Blue,11.49,3pc/12pc,"Pointed tip great for edges | Ceramic technology for even consistent heat | Digital heat control 5 settings: 300°F - 460°F | Quick heat up, heats up within 30 seconds | World wide dual voltage 120V - 240V",705372058986,ELECTRICAL & THERMAL,1,MULTI-STYLER,5,2
3ANN5501,H&H Thermal Straightening Comb Medium Teeth Small Temple Black & Gold,3.04,6pc/48pc,Straightens and smooths hair,705372055015,ELECTRICAL & THERMAL,1,THERMAL STRAIGHTENING COMB,6,1
3ANN5502,H&H Thermal Straightening Comb Medium Teeth Straight Black & Gold,4.73,6pc/48pc,Straightens and smooths hair,705372055022,ELECTRICAL & THERMAL,1,THERMAL STRAIGHTENING COMB,6,2
3ANN5503,H&H Thermal Straightening Comb Medium Curved Teeth Black & Gold,4.73,6pc/48pc,Straightens and smooths hair,705372055039,ELECTRICAL & THERMAL,1,THERMAL STRAIGHTENING COMB,6,3
3ANN5504,H&H Thermal Straighten Comb Medium Double Sided Teeth Black & Gold,5.73,6pc/48pc,Straightens and smooths hair,705372055046,ELECTRICAL & THERMAL,1,THERMAL STRAIGHTENING COMB,6,4
3ANN5508,H&H Thermal Straighten Comb Fine Teeth Black & Gold,6.44,6pc/48pc,Straightens and smooths hair,705372055084,ELECTRICAL & THERMAL,1,THERMAL STRAIGHTENING COMB,6,5
3ANN5510,H&H Thermal Straighten Comb Wide Teeth Black & Gold,8.43,6pc/48pc,Straightens and smooths hair,705372055107,ELECTRICAL & THERMAL,1,THERMAL STRAIGHTENING COMB,6,6
3ANN5505,H&H Thermal Straighten Comb Fine Teeth Small Temple Copper Plate Black & Gold,6.05,6pc/48pc,Straightens and smooths hair | Brass with copper infused plate,705372055053,ELECTRICAL & THERMAL,1,THERMAL STRAIGHTENING COMB,6,7
3ANN5506,H&H Thermal Straighten Comb Fine Teeth Copper Plate Black & Gold,6.89,6pc/48pc,Straightens and smooths hair | Brass with copper infused plate,705372055060,ELECTRICAL & THERMAL,1,THERMAL STRAIGHTENING COMB,6,8
3ANN5507,H&H Thermal Straighten Comb Medium Teeth Copper Plate Black & Gold,6.89,6pc/48pc,Straightens and smooths hair | Brass with copper infused plate,705372055077,ELECTRICAL & THERMAL,1,THERMAL STRAIGHTENING COMB,6,9
3ANN5512,H&H Thermal Straighten Comb Fine Teeth Stainless Steel Black & Gold,6.05,6pc/48pc,Straightens and smooths hair | Stainless steel plate,705372055121,ELECTRICAL & THERMAL,1,THERMAL STRAIGHTENING COMB,6,10
3ANN5530,H&H Electrical Straightening Comb Medium Straight Teeth Black/Gold,9.28,6pc/48pc,Straightens and smooths hair | Medium straight teeth | 120V,705372055305,ELECTRICAL & THERMAL,1,ELECTRICAL STRAIGHTENING COMB,7,1
3ANN5531,H&H Electrical Straightening Comb Medium Curved Teeth Black/Gold,9.28,6pc/48pc,Medium curved teeth,705372055312,ELECTRICAL & THERMAL,1,ELECTRICAL STRAIGHTENING COMB,7,2
3ANN5532,H&H Electrical Straightening Comb Medium Double Sided Teeth Black/Gold,9.28,6pc/48pc,Medium double side teeth,705372055329,ELECTRICAL & THERMAL,1,ELECTRICAL STRAIGHTENING COMB,7,3
3ANN5533,H&H Electrical Straightening Comb Medium Teeth Small Temple Head Black/Gold,9.28,6pc/48pc,Medium teeth small temple,705372055336,ELECTRICAL & THERMAL,1,ELECTRICAL STRAIGHTENING COMB,7,4
3ANN5534,H&H Electrical Straightening Comb Medium Wide Teeth Black/Gold,12.68,6pc/48pc,Medium wide teeth,705372055343,ELECTRICAL & THERMAL,1,ELECTRICAL STRAIGHTENING COMB,7,5
3ANN5526,Annie Ceramic Thermal Stove Large Silver,32.00,1pc/8pc,Ceramic element for quick and even heat distribution | High adjustable rack with extended sides for tool support | Jumbo Size | High Heat up to 825°F | 120V,705372055268,ELECTRICAL & THERMAL,1,THERMAL TOOL,8,1
3ANN5527,Annie Ceramic Thermal Stove Small Silver,27.00,1pc/8pc,Ceramic element for quick and even heat distribution | High adjustable rack with extended sides for tool support | High Heat up to 825°F | 120V,705372055275,ELECTRICAL & THERMAL,1,THERMAL TOOL,8,2
3ANN5821,H&H Electrical Silver Curling Iron 1 1/2” Silver and Black,9.21,6pc/36pc,1 1/2” Barrel,705372058214,ELECTRICAL & THERMAL,1,ELECTRIC CURLING IRON,9,1
3ANN5816,H&H Electrical Silver Curling Iron 3/8” Silver and Black,6.35,6pc/36pc,3/8” Barrel | 430°F Temperature,705372058160,ELECTRICAL & THERMAL,1,ELECTRIC CURLING IRON,9,2
3ANN5817,H&H Electrical Silver Curling Iron 1/2” Silver and Black,6.35,6pc/36pc,1/2” Barrel | 430°F Temperature,705372058177,ELECTRICAL & THERMAL,1,ELECTRIC CURLING IRON,9,3
3ANN5818,H&H Electrical Silver Curling Iron 5/8” Silver and Black,6.35,6pc/36pc,5/8” Barrel | 430°F Temperature,705372058184,ELECTRICAL & THERMAL,1,ELECTRIC CURLING IRON,9,4
3ANN5819,H&H Electrical Curling Iron 3/4” Silver and Black,6.35,6pc/36pc,3/4” Barrel,705372058191,ELECTRICAL & THERMAL,1,ELECTRIC CURLING IRON,9,5
3ANN5820,H&H Electrical Silver Curling Iron 1” Silver and Black,6.35,6pc/36pc,1” Barrel,705372058207,ELECTRICAL & THERMAL,1,ELECTRIC CURLING IRON,9,6
3ANN5858,H&H Electrical Curling Iron 1 1/4” Silver and Black,,6pc/36pc,,705372058580,ELECTRICAL & THERMAL,1,ELECTRIC CURLING IRON,9,7
3ANN5797,H&H Cordless Lithium-Ion Hair Trimmer Black & Rose Gold,14.95,6pc/24pc,"Extreme precision high performance trimming blades | Long lasting lithium battery | 4 hours run time | Quick charge | Universal USB charging cable | Waterproof washable blades | Includes clipper guides (1mm, 2mm, & 3mm)",705372057972,ELECTRICAL & THERMAL,1,HAIR CLIPPERS & TRIMMER,10,1
6986,PrimeX Neck Strip Dispenser Black,,6pc/48pc,"Placing the neck paper into the neck paper roll dispenser can keep the neck strap dry and clean. | Neck Strip Dispenser with suction cup at the bottom can be fixed on a flat surface or a mirror, not easy to fall off and slide outlet to help to take out the neck paper easily. | 1 Roll of PrimeX Neck Strip (100ct) included inside of dispenser.",705372069869,BARBER,2,,,
1AN0229-6,PrimeX Twist & Pik Black,5.00,6pc/144pc,2 in 1 design use twist comb and style pik to achieve your desired look | Durable made from the highest quality material | Washable you can clean it and it won’t absorb and dry out hair | Portable compact design perfect for travel | Efficient twist you hair in seconds | Patent pending | ONLY AT ANNIE!,705372002293,BARBER,2,,,
1AN2871,PrimeX Premium Horsehair Wooden Beard Brush Soft,2.50,6pc/72pc,"100% Soft premium horsehair | Anti-frizz, anti-breakage and detangling | Best for shaping, styling, and grooming | Hollow-carved for easy grip",705372028712,BARBER,2,,,
6987,PrimeX Neck Strip Refill 3 Rolls White,,6pc/12pc,"Self-adhesive, stretchable, disposable, hygienic, soft and water enduring, high sticking ability, pre-cut neck strips. | Helps catch loose hair and absorb perspiration and drips. | 100 strips per roll, 300 strips in total. | Required in most state.",705372069876,BARBER,2,,,
2870,PrimeX Wooden Beard Brush Medium 12ct,,1disp/6disp,"100% boar bristle | Anti-frizz, anti-breakage and detangling | Best for shaping, styling, and grooming | Compact size for daily usage",705372028705,BARBER,2,,,
1AN2000,Annie Wire Cushion Brush L,1.35,1dz/12dz,Wire ball-tipped bristles | Gently massages the scalp | Comfortable grip,705372020006,BARBER,2,WIRE CUSHION,1,1
1AN2001,Annie Wire Cushion Wig Brush S,0.95,1dz/24dz,"Designed for all types of wigs | Use short lifting strokes on wigs with tight curls, soft curls or waves | Comfortable grip",705372020013,BARBER,2,WIRE CUSHION,1,2
1AN2214,Annie Wire Cushion Brush Wire Ball-Tipped Bristles,1.50,12pc/120pc,Wire ball-tipped bristles,705372022147,BARBER,2,WIRE CUSHION,1,3
1AN2920,Annie Shampoo Brush Asst Color,0.65,1dz/30dz,"Has thumb/finger holder on top for easy use | Assorted color: blue, red & black",705372029207,BARBER,2,SHOWER BRUSH,3,1
1AN2212,Annie Animal Patterned Paddle Brush L Asst.,2.00,1dz/6dz,Great for detangling & smoothing out hair,705372022123,BARBER,2,WIRE CUSHION,1,4
1AN2013,Annie Banana Brush S asst. color,1.15,6pc/144pc,Ball-tipped bristles | Gently massages the scalp | Comfortable grip | Assorted color: purple & blue,705372020136,BARBER,2,BANANA BRUSH,2,1
1AN2014,Annie Banana Brush L asst. color,1.45,6pc/144pc,Ball-tipped bristles | Gently massages the scalp | Comfortable grip | Assorted color: purple & blue,705372020143,BARBER,2,BANANA BRUSH,2,2
1AN2371,Annie Extra Jumbo Round Paddle Cushion Brush Black Rubber Finish Gold Metallic Stripe,3.00,6pc/72pc,Jumbo round paddle cushion brush,705372023717,BARBER,2,PASTEL COLOR BRUSH,4,1
1AN2372,Annie Jumbo Rectangle Paddle Cushion Brush Black Rubber Finish Gold Metallic Stripe,2.75,6pc/72pc,Jumbo round paddle cushion brush,705372023724,BARBER,2,PASTEL COLOR BRUSH,4,2
1AN2375,Annie Vent Brush Black Body Rubber Finish With Gold Metallic Stripe,2.50,6pc/72pc,Vent brush,705372023755,BARBER,2,PASTEL COLOR BRUSH,4,3
1AN2376,Annie 7 Row Paddle Cushion Brush Black Body Rubber Finish With Gold Metallic Stripe,,6pc/72pc,7 Row paddle cushion brush,705372023762,BARBER,2,PASTEL COLOR BRUSH,4,4
2737,Annie Color Cushion Paddle Brush Rubberized Hot Pink Metal Pin Bristle,,6pc/72pc,Helps to condition and creates silky smooth hair | Non-slip grip,705372027371,BARBER,2,CUSHION PADDLE,5,1
1AN2004,Annie Paddle Cushion Brush Asst Color,1.45,1dz/12dz,Assorted color: blue & red,705372020044,BARBER,2,CUSHION PADDLE,5,2
1AN2210,Annie Paddle Brush L Silver,2.25,6pc/72pc,Adds luster and shine,705372022109,BARBER,2,CUSHION PADDLE,5,3
1AN2021,Annie Daily Brush L Asst Color Bulk,0.45,1dz/6dz/36dz,"Assorted translucent colors: Brown, Blue, Teal, Purple, Clear & Red | All-purpose brush",705372020211,BARBER,2,DAILY BRUSH BULK,6,1
1AN2022,Annie Daily Brush L Asst Color Bulk,0.45,1dz/4dz/40dz,"Assorted colors: Green, Red, Yellow and Orange | All-purpose brush",705372020228,BARBER,2,DAILY BRUSH BULK,6,2
1AN2023,Annie Daily Brush S Asst Color Bulk,0.40,1dz/2dz/72dz,"Assorted colors: Tea, Red, Blue and Black | All-purpose brush",705372020235,BARBER,2,DAILY BRUSH BULK,6,3
1AN2051,Annie Rubber Cushion Brush S,0.75,1dz/24dz,For all purpose styling on all hair lengths and textures | Nylon bristles | Non-slip grip finish | 5 Row,705372020518,BARBER,2,CUSHION BRUSH,8,1
1AN2050,Annie Rubber Cushion Brush L,0.95,1dz/12dz,For all purpose styling on all hair lengths and textures | Nylon bristles | Non-slip grip finish | 7 Row,705372020501,BARBER,2,CUSHION BRUSH,8,2
1AN2590,Annie Ultimate Edge Brush 100% Boar Bristle 24ct,,1jar/12jar,100% Boar bristle keeps edges laid and smooth | Eco-friendly | Premium quality | Pure boar bristles promotes healthy hair growth and retention | 24ct in jar | Perfect for edge control,705372025902,BARBER,2,EDGE BRUSH,7,1
1AN2476,Annie Vented Detangler Brush 8 Row Asst.,2.25,6pc/72pc,Large,705372024769,BARBER,2,DETANGLING BRUSH,9,1
1AN2060,Annie Hard Wave Brush Light Brown 50% Boar Bristle and 50% Firm Nylon Bristles,1.45,0.5dz/12dz,,705372020600,BARBER,2,HARD BRISTLE,10,1
1AN2061,Annie Hard Club Brush Light Brown 50% Boar Bristle and 50% Firm Nylon Bristles,1.45,0.5dz/12dz,,705372020617,BARBER,2,HARD BRISTLE,10,2
1AN2062,Annie Hard Military Brush Light Brown 50% Boar Bristle and 50% Firm Nylon Bristles,1.30,0.5dz/12dz,,705372020624,BARBER,2,HARD BRISTLE,10,3
1AN2090,Annie Hard Wooden Brush 5Row Light Brown 50% Boar Bristle and 50% Firm Nylon Bristles,1.45,0.5dz/12dz,,705372020907,BARBER,2,HARD BRISTLE,10,4
1AN2250,Annie Salon Styling Brush Nylon Bristles,1.85,6pc/144pc,Nylon bristles | Non-slip grip finish,705372022505,BARBER,2,VENT,11,1
1AN2251,Annie Salon Vent Brush,1.85,6pc/144pc,Ball-tipped nylon bristles | Non-slip grip finish,705372022512,BARBER,2,VENT,11,2
1AN2252,Annie Salon Rubber Cushion Brush,1.85,6pc/144pc,Ball-tipped nylon bristles | Non-slip grip finish,705372022529,BARBER,2,VENT,11,3
1AN2253,Annie Salon Paddle Brush,2.25,6pc/144pc,Ball-tipped nylon bristles | Non-slip grip finish,705372022536,BARBER,2,VENT,11,4
1AN2030,Annie Vent Brush L,0.80,1dz/12dz,Ball-tipped bristles | Maximizes volume | Comfortable grip | Assorted colors: red & blue,705372020303,BARBER,2,VENT,11,5
1AN2204,Annie Paddle Cushion Brush,2.00,6pc/72pc,Adds luster and shine | Ball-tipped bristles | Easily removes tangles | Gently massages the scalp | Jumbo size,705372022048,BARBER,2,VENT,11,6
1AN2160,Annie Medium Wave Brush Light Brown 50% Nylon And 50% Boar Bristle,1.45,0.5dz/12dz,,705372021607,BARBER,2,MEDIUM BRISTLE,12,1
1AN2161,Annie Medium Club Brush Light Brown 50% Nylon And 50% Boar Bristle,1.45,0.5dz/12dz,,705372021614,BARBER,2,MEDIUM BRISTLE,12,2
1AN2162,Annie Medium Military Brush Light Brown 50% Nylon And 50% Boar Bristle,1.30,0.5dz/12dz,,705372021621,BARBER,2,MEDIUM BRISTLE,12,3
1AN2165,Annie Medium Wooden Brush 5 Row Light Brown 50% Nylon And 50% Boar Bristle,1.45,0.5dz/12dz,,705372021652,BARBER,2,MEDIUM BRISTLE,12,4
1AN2080,Annie Soft Wave Brush Dark Brown 100% Pure Boar Bristles,1.45,0.5dz/12dz,,705372020808,BARBER,2,SOFT BRISTLE,13,1
1AN2081,Annie Soft Club Brush Dark Brown 100% Pure Boar Bristles,1.45,0.5dz/12dz,,705372020815,BARBER,2,SOFT BRISTLE,13,2
1AN2082,Annie Soft Military Brush Dark Brown 100% Pure Boar Bristles,1.30,0.5dz/12dz,,705372020822,BARBER,2,SOFT BRISTLE,13,3
1AN2091,Annie Soft Wooden Brush 5 Row Dark Brown 100% Pure Boar Bristles,1.45,0.5dz/12dz,,705372020914,BARBER,2,SOFT BRISTLE,13,4
1AN2330,Annie Hard Wave Curved Bristle Brush Black 50% Boar Bristle and 50% Firm Nylon Bristles Asst Color,1.85,0.5dz/12dz,"Assorted colors: burgundy, blue & gray",705372023304,BARBER,2,CURVED BRISTLES BRUSH,14,1
1AN2331,Annie Hard Club Curved Bristle Brush Black 50% Boar Bristle and 50% Firm Nylon Bristles Asst Color,1.85,0.5dz/12dz,"Assorted colors: burgundy, blue & gray",705372023311,BARBER,2,CURVED BRISTLES BRUSH,14,2
1AN2332,Annie Hard Military Curved Bristle Black 50% Boar Bristle and 50% Firm Nylon Bristles Asst Color,1.80,0.5dz/12dz,"Assorted colors: burgundy, blue & gray",705372023328,BARBER,2,CURVED BRISTLES BRUSH,14,3
1AN2340,Annie Soft Wave Curved Bristle Brush 100% Pure Boar Bristles Asst Color,1.80,0.5dz/12dz,"Assorted colors: burgundy, blue & gray",705372023403,BARBER,2,CURVED BRISTLES BRUSH,14,4
1AN2341,Annie Soft Club Curved Bristle Brush 100% Pure Boar Bristles Asst Color,1.80,0.5dz/12dz,"Assorted colors: burgundy, blue & gray",705372023410,BARBER,2,CURVED BRISTLES BRUSH,14,5
1AN2342,Annie Soft Military Curved Bristle Brush 100% Pure Boar Bristles Asst Color,1.80,0.5dz/12dz,"Assorted colors: burgundy, blue & gray",705372023427,BARBER,2,CURVED BRISTLES BRUSH,14,6
1AN2071,Annie Two Way Wave Brush Light Brown Soft and Hard,2.00,0.5dz/12dz,,705372020716,BARBER,2,2-WAY BRISTLE,15,1
1AN2072,Annie Two Way Club Brush Light Brown Soft and Hard,2.00,0.5dz/12dz,,705372020723,BARBER,2,2-WAY BRISTLE,15,2
1AN2068,Annie Two Way Military Brush Light Brown Soft and Hard,1.60,0.5dz/12dz,,705372020686,BARBER,2,2-WAY BRISTLE,15,3
1AN2092,Annie Two Way Wooden Brush 5 Row Soft and Hard,1.75,0.5dz/12dz,,705372020921,BARBER,2,2-WAY BRISTLE,15,4
1AN2070,Annie Hard Mini Club Brush Bulk 36ct Light Brown 50% Boar Bristle and 50% Firm Nylon Bristles,0.67,1jar/12jar,Hard bristles | 100% Boar/reinforced bristles,705372020709,BARBER,2,WOOD BULK BRUSH,16,1
1AN2073,Annie Soft Mini Club Brush 36ct Dark Brown Soft Bristle (100% Pure Boar Bristles),0.69,1jar/12jar,Soft 100% natural boar bristles,705372020730,BARBER,2,WOOD BULK BRUSH,16,2
1AN2074,Annie Mini Two-Way Brush 24ct Light Brown 50% Boar Bristle and 50% Nylon Bristle,1.00,1jar/12jar,Soft 100% natural boar and hard reinforced bristles | Polished natural hardwood handle,705372020747,BARBER,2,WOOD BULK BRUSH,16,3
1AN2069,Annie Hard Mini Wave Brush Bulk 24ct Light Brown 50% Boar Bristle and 50% Firm Nylon Bristles,1.04,1jar/12jar,Hard bristles | 100% Boar/reinforced bristles,705372020693,BARBER,2,WOOD BULK BRUSH,16,4
1AN2099,Annie Hard Cleaning Brush Bulk 36ct Light Brown 100% Nylon Bristles,1.50,1jar/12jar,Hard bristles | Reinforced bristles,705372020990,BARBER,2,WOOD BULK BRUSH,16,5
1AN2104,Annie Metal Wire Wig Brush W/O Ball Tips Asst Color,0.75,1dz/20dz,Metal bristles without ball-tips | Designed for all types of wigs | Pointed tip handle | Assorted colors: red & black,705372021041,BARBER,2,WIG BRUSH,17,1
1AN2105,Annie Wire Cushion Wig Brush,1.45,1dz/20dz,"Designed for all types of wigs | Use short lifting strokes on wigs with tight curls, soft curls or waves",705372021058,BARBER,2,WIG BRUSH,17,2
1AN2106,Annie Premium Wire Wig Brush,1.45,1dz/12dz,"Designed for all types of wigs | Use short lifting strokes on wigs with tight curls, soft curls or waves",705372021065,BARBER,2,WIG BRUSH,17,3
1AN2150,Annie Plastic Tease Brush,0.55,1dz/60dz,"Created for back brushing, creating volume, and teasing | Pointed tip handle",705372021508,BARBER,2,BRUSH,18,1
1AN2018,Annie Soft Grip Brush Asst Color,0.95,1dz/12dz,Adds luster and volume | Bristles correct frizz and dull hair | Rubberized soft comfortable grip | Assorted color: green & red,705372020181,BARBER,2,BRUSH,18,2
1AN0234,Annie Fist Styling Plastic Pik 24ct Black,0.50,1jar/12jar,Perfect for styling hair | Black color,705372002347,COMB,3,24 COUNT FIST AFRO PIK SHORT,1,1
1AN0232,Annie Fist Afro Pik Short 24ct Black,0.54,1jar/12jar,"Metal tooth | Ideal for curly, wave or permed hair styles | Black color",705372002323,COMB,3,24 COUNT FIST AFRO PIK SHORT,1,2
1AN0035,Annie Comb And Lift Asst Color,0.35,1dz/100dz,Comb with plastic pik | Bone and blue colors,705372000350,COMB,3,PLASTIC COMB,2,1
1AN0036,Annie Tipped Pik Comb Asst Color,0.45,1dz/80dz,Comb with metal pik | Ball tipped pik | Black and blue colors,705372000367,COMB,3,PLASTIC COMB,2,2
1AN0020,Annie Rake Comb Asst Color,0.42,1dz/10dz/40dz,"Perfect for styling hair | Black, bone and red colors | With package",705372000206,COMB,3,PLASTIC COMB,2,3
1AN0024,Annie Claw Comb Asst Color,0.45,1dz/50dz,"Perfect for styling hair | Assorted bone, blue and red colors",705372000244,COMB,3,PLASTIC COMB,2,4
1AN0015,Annie Barber Comb 7 1/2” Black,0.28,1dz/10dz/100dz,Perfect for styling hair | Black color,705372000152,COMB,3,PLASTIC COMB,2,5
1AN0034,Annie Tail Comb L Bone,0.40,1dz/10dz/50dz,Perfect for styling hair | Designed for all hair lengths | Bone color,705372000343,COMB,3,PLASTIC COMB,2,6
1AN0016,Annie Premium Rat Tail Comb 9” Black,0.35,1dz/10dz/100dz,Black color | With package,705372000169,COMB,3,PLASTIC COMB,2,7
1AN0026,Annie Premium Rat Tail Comb Bone,0.49,1dz/10dz/100dz,Bone color | With package,705372000268,COMB,3,PLASTIC COMB,2,8
1AN0030,Annie Pin Tail Comb Bone,,1dz/20dz/80dz,Bone color | With package,705372000305,COMB,3,PLASTIC COMB,2,9
1AN0029,Annie Pin Tail Comb Black,0.40,1dz/20dz/80dz,Black color | With package,705372000299,COMB,3,PLASTIC COMB,2,10
1AN00162,Annie Pin Tail Comb Bulk Black,0.40,1dz/20dz/80dz,Black color,705372001623,COMB,3,PLASTIC COMB,2,11
1AN0097,Annie Rat Tail Section Comb Black,,20dz/80dz,"Perfect for braiding, parting, sectioning, teasing and styling",705372000978,COMB,3,SECTION COMB,3,1
1AN0096,Annie Pin Tail Section Comb Black,0.55,20dz/80dz,"Perfect for braiding, parting, sectioning, teasing and styling",705372000961,COMB,3,SECTION COMB,3,2
1AN0028,Annie Tease Comb Bone,0.45,1dz/100dz,Perfect for styling hair | Bone color,705372000282,COMB,3,TEASE COMB,4,1
1AN0044,Annie Wide Tooth Comb Bone,0.49,1dz/10dz/100dz,Perfect for styling hair | Bone color,705372000442,COMB,3,WIDE TOOTH COMB,5,1
1AN0064,Annie Dressing Comb Bulk 9” 240ct Asst Color,0.80,1box/3box,9” length | Assorted colors,705372000640,COMB,3,COMB,6,1
1AN0069,Annie Flat Top Comb Black,0.76,1dz/24dz,"Designed for all hair lengths | Hard rubber comb | Heat resistant, strong but flexible | Black color",705372000695,COMB,3,COMB,6,2
1AN0068,Annie Wet Comb Black,0.56,1dz/24dz,Designed for all hair lengths | Black color,705372000688,COMB,3,COMB,6,3
1AN0081,Annie Professional Comb Set 10ct Black,1.95,12set/120set,Black color,705372000817,COMB,3,10 COUNT COMB SET,7,1
1A0082,Annie Professional Comb Set 10ct Bone,1.95,12set/120set,Bone color,705372000824,COMB,3,10 COUNT COMB SET,7,2
1AN0023,Annie Jumbo Rake Comb Asst Color,0.56,4dz/24dz,"Assorted black, bone and red colors",705372000237,COMB,3,JUMBO RAKE COMB,8,1
1AN0208,Annie 3 in 1 Comb L Asst Color,0.45,1dz/10dz/60dz,"Colored ball tips | Assorted black, pink, blue and purple | With package",705372002088,COMB,3,3 IN 1 COMB,9,1
1AN0210,Annie 3 in 1 Comb S Asst Color,0.40,1dz/10dz/60dz,"Colored ball tips | Assorted black, pink, blue and purple | With package",705372002101,COMB,3,3 IN 1 COMB,9,2
1AN0212,Annie Bush Comb Asst Color Two Tone,0.55,1dz/10dz/60dz,"Black, blue, pink and bone colors",705372002125,COMB,3,COMB,6,4
1AN0214,Annie Detangler Comb Asst Color Two Tone,0.65,1dz/10dz/60dz,"Black, bone, pink and purple colors",705372002149,COMB,3,COMB,6,5
1AN0218,Annie Pik Comb Asst Color Two Tone,0.40,1dz/60dz,"Assorted black, bone, blue and red colors",705372002187,COMB,3,COMB,6,6
1AN0228,Annie Double Pik Comb Black Two Tone,0.65,1dz/5dz/40dz,Designed for all hair lengths | Black color,705372002286,COMB,3,COMB,6,7
1AN0008,Annie 2 In 1 Comb Bone,0.45,1dz/10dz/100dz,Perfect for styling hair | Bone color,705372000084,COMB,3,PLASTIC COMB,2,12
1AN0004,Annie Fluff Comb Asst Color,0.45,1dz/60dz,"Perfect for styling hair | Black, bone, pink and blue",705372000046,COMB,3,PLASTIC COMB,2,13
1AN0006,Annie Volume Comb Asst Color,0.45,1dz/10dz/80dz,"Assorted black, bone and red | With package",705372000060,COMB,3,PLASTIC COMB,2,14
1AN0010,Annie Twist Comb Black,0.49,1dz/24dz,Designed for hair coils and twists,705372000107,COMB,3,PLASTIC COMB,2,15
1AN0012,Annie Styling Comb 3ct Asst Color,0.60,1dz/24dz,"Perfect for styling hair | Black, Gold and Silver",705372000121,COMB,3,PLASTIC COMB,2,16
1AN0022,Annie Shampoo Comb Asst Color,0.46,1dz/12dz/48dz,"Assorted black, bone and red colors",705372000220,COMB,3,PLASTIC COMB,2,17
1AN2601,Joy Double-Sided Edge Brush and Comb Asst,0.54,6dz/12dz,"Dual-ended, brush & comb | 100% Natural boar bristle | Tames hair edges, baby hairs & sideburns",705372026015,COMB,3,2-IN-1 EDGE BRUSH & COMB,10,1
1AN2609,Annie All in One Edge Brush Natural Boar & Reinforced Bristle Asst.,1.35,6dz/12dz,"100% Natural boar & reinforced bristles keeps edges laid and smooth | Comb end grooms and smooths edges for a polished finish | Pintail & sectioning hook tip separates and sections hair | Carbon fiber material is heat safe up to 450˚F | Assorted colors pink, red & purple",705372026091,COMB,3,2-IN-1 EDGE BRUSH & COMB,10,2
1AN2602,Joy Double-Sided Edge Brush and Comb 24ct Asst Boar Bristle,0.50,3jar/12jar,"Dual-ended, brush & comb | 100% Natural boar bristle | Tames hair edges, baby hairs & sideburns | Purple, pink, red and black assorted | Includes 24ct",705372026022,COMB,3,2-IN-1 EDGE BRUSH & COMB,10,3
1AN2603,Joy 3 in 1 Spatula Edge Brush Boar Bristle Asst. 24ct,0.50,1jar/12jar,100% Natural Boar keeps edges laid and smooth | Comb end grooms and smooths edges for a polished finish | Spatula applicator for easy and mess free application | Includes 24ct,705372026039,COMB,3,2-IN-1 EDGE BRUSH & COMB,10,4
1AN2604,Joy 3 in 1 Pintail Edge Brush Boar Bristle Asst. 24ct,0.75,1jar/12jar,100% Natural Boar keeps edges laid and smooth | Comb end grooms and smooths edges for a polished finish | Pintail separates and sections hair | Includes 24ct,705372026046,COMB,3,2-IN-1 EDGE BRUSH & COMB,10,5
1AN0045,Annie Fist Afro Pik Short Black,0.65,1dz/36dz,"Metal Tooth | Ideal for curly, wavy or permed hair styles",705372000459,COMB,3,24 COUNT FIST AFRO PIK SHORT,1,3
1AN0046,Annie Styling Pik Regular Black,0.65,1dz/36dz,"Metal Tooth | Ideal for curly, wavy or permed hair styles",705372000466,COMB,3,24 COUNT FIST AFRO PIK SHORT,1,4
1AN0047,Annie Styling Pik Long Black,0.90,1dz/24dz,"Extra Long | Metal Tooth | Ideal for curly, wavy or permed hair styles",705372000473,COMB,3,24 COUNT FIST AFRO PIK SHORT,1,5
1AN0017,Annie Rat Tail Comb Set 12ct Asst Color,2.17,10set/100set,Assorted color,705372000176,COMB,3,RAT TAIL COMB SET,11,1
1AN0018,Annie Tail Comb Set L 12ct Asst Color,3.95,10set/50set,Assorted color,705372000183,COMB,3,RAT TAIL COMB SET,11,2
1AN0102,Annie Curved Teeth Bush Comb 9” Bulk Asst Pastel Color,3.00,1dz/10dz/60dz,"Green, sky blue, pink, yellow color",705372001029,COMB,3,CURVED TEETH BUSH COMB,12,1
1AN064,Annie Dressing Comb Bulk 9” 240ct Asst Color,1.75,1box/3box,9” length | Assorted colors,705372000640,COMB,3,CURVED TEETH BUSH COMB,12,2
1AN2927,Annie Neck And Body Duster Display 6ct,4.50,1disp/12disp,Features easy push to release powder through bristles (Powder not included) | Black color,705372029276,COLOR ACCESSORY,4,NECK DUSTER,1,1
1AN2925,Annie Wooden Neck Duster,2.25,1dz/10dz,Features soft bristles to remove loose hair,705372029252,COLOR ACCESSORY,4,NECK DUSTER,1,2
1AN5310,Annie Pedi-Slipper Asst Color,0.85,1dz/12dz,"One size fits most | Durable, disposable, and inexpensive | Asst Color: Yellow, Rose, Blue, Green, White and Purple",705372053103,COLOR ACCESSORY,4,PRACTICE HAND & FINGER,2,1
1AN6971,Swanee Cotton Ball L 100ct White 100% Pure Cotton,1.50,1dz/8dz,"100% Pure cotton | Soft, gentle and absorbent | Ideal for removing makeup and nail polish",705372069715,COLOR ACCESSORY,4,COTTON,3,1
1AN6973,Swanee Cotton Ball M 200ct White 100% Pure Cotton,,1dz/8dz,"100% Pure cotton | Soft, gentle and absorbent | Ideal for removing makeup and nail polish",705372069739,COLOR ACCESSORY,4,COTTON,3,2
1AN2945,Annie Aluminum Salon Foil Sheets 45ct 5” x 8”,1.35,12pc/144pc,"Easy to fold sheets | 5 inch x 8 inch size sheets, 45ct",705372029450,COLOR ACCESSORY,4,PRACTICE HAND & FINGER,2,2
1AN2946,Aluminum salon foil embossing surface (45 sheets -15 mic x 5” x 11”),1.90,12pc/144pc,"Easy to fold sheets | 5 inch x 11 inch size sheets, 45ct",705372029467,COLOR ACCESSORY,4,PRACTICE HAND & FINGER,2,3
1AN5411,Annie Dye/Tinting Bowl Clear,1.00,1dz/6dz,Perfect for mixing and applying tints | Angled pour spout and handle | Non-slip rubberized base | Precise measuring scales,705372054117,COLOR ACCESSORY,4,DYE BOWL & MEASURING CUP,4,1
1AN5410,Annie Dye/Tinting Bowl Bulk Black,0.60,1dz/12dz,Perfect for mixing and applying tints | Angled pour spout and handle,705372054100,COLOR ACCESSORY,4,DYE BOWL & MEASURING CUP,4,2
1AN3560,Annie Coloring Kit 5ct Black,1.25,1dz/12dz,"The five piece coloring tool kit has everything you need to dye your hair | Kit includes frosting cap, 2 latex gloves, needle/ mixer, and tinting brush",705372035604,COLOR ACCESSORY,4,COLORING KIT,5,1
1AN2910,Annie Dye Brush With Comb,0.50,10dz/60dz,Tinting brush with comb,705372029108,COLOR ACCESSORY,4,DYE BRUSH,6,1
1AN2901,Annie Dye Brush S 2ct Black,0.55,1dz/10dz/40dz,"The tinting brush is perfect for accurate easy application of color, bleach and hair dyes | Durable plastic handle",705372029016,COLOR ACCESSORY,4,DYE BRUSH,6,2
1AN2914,Annie Dye Brush L Black,0.50,10dz/40dz,Durable plastic handle,705372029146,COLOR ACCESSORY,4,DYE BRUSH,6,3
1AN2915,Annie Hair Coloring Comb,1.10,10dz/60dz,Pointed tip | Durable plastic handle,705372029153,COLOR ACCESSORY,4,DYE BRUSH,6,4
1AN3541,Annie Processing Caps XL 100pc Clear,4.00,1pack/12pack,Extra large size cap 21” Diameter | 100pc | Clear,705372035413,HAIR ROLLER & ROD,9,PROCESSING CAPS,11,1
1AN3542,Annie Processing Caps XL 30pc Clear,1.45,1dz/6dz,Extra large size cap 21” Diameter | 30pc | Clear,705372035420,HAIR ROLLER & ROD,9,PROCESSING CAPS,11,2
1AN3552,Annie Processing Caps XL 10pc Clear,0.65,1dz/6dz,Extra large size cap 21” Diameter | 10pc | Clear,705372035529,HAIR ROLLER & ROD,9,PROCESSING CAPS,11,4
1AN3543,Annie Processing Caps XL 30pc Asst Color Clear,1.45,1dz/3dz,Extra large size cap 21” Diameter | 30pc | Assorted colors,705372035437,HAIR ROLLER & ROD,9,PROCESSING CAPS,11,5
1AN3553,Annie Processing Caps XL 10pc Asst Color,0.65,1dz/6dz,Extra large size cap 21” Diameter | 10pc | Assorted colors,705372035536,HAIR ROLLER & ROD,9,PROCESSING CAPS,11,6
1AN3583,Conditioning/Processing Cap XL 10pc Asst Color,0.65,1dz/6dz,10pc | Assorted pastel colors,705372035833,HAIR ROLLER & ROD,9,PROCESSING CAPS,11,3
1AN3810,Annie Latex Gloves S 100ct,10.60,1box/12box,Small | 100ct,705372038100,COLOR ACCESSORY,4,SALON GLOVE,9,1
1AN3813,Annie Latex Gloves XL 100ct,,1box/12box,X-Large | 100ct,705372038131,COLOR ACCESSORY,4,SALON GLOVE,9,2
1AN3811,Annie Latex Gloves M 100ct,10.60,1box/12box,Medium | 100ct,705372038117,COLOR ACCESSORY,4,SALON GLOVE,9,3
1AN3812,Annie Latex Gloves L 100ct,10.60,1box/12box,Large | 100ct,705372038124,COLOR ACCESSORY,4,SALON GLOVE,9,4
1AN3815,Annie Latex Gloves S 10ct,1.50,1dz/12dz,Small | 10ct,705372038155,COLOR ACCESSORY,4,SALON GLOVE,9,5
1AN3816,Annie Latex Gloves M 10ct,1.50,1dz/12dz,Medium | 10ct,705372038162,COLOR ACCESSORY,4,SALON GLOVE,9,6
1AN3817,Annie Latex Gloves L 10ct,1.50,1dz/12dz,Large | 10ct,705372038179,COLOR ACCESSORY,4,SALON GLOVE,9,7
1AN3818,Annie Latex Gloves XL 10ct,1.50,1dz/12dz,X-Large | 10ct,705372038186,COLOR ACCESSORY,4,SALON GLOVE,9,8
1AN3841,Annie Latex Gloves Powder Free M 100ct,12.25,1box/12box,Medium | 100ct,705372038414,COLOR ACCESSORY,4,SALON GLOVE,9,9
1AN3843,Annie Latex Gloves Powder Free XL 100ct,12.25,1box/12box,X-Large | 100ct,705372038438,COLOR ACCESSORY,4,SALON GLOVE,9,10
1AN3842,Annie Latex Gloves Powder Free L 100ct,,1box/12box,Large | 100ct,705372038421,COLOR ACCESSORY,4,SALON GLOVE,9,11
1AN3840,Annie Latex Gloves Powder Free S 100ct,12.25,1box/12box,Small | 100ct,705372038407,COLOR ACCESSORY,4,SALON GLOVE,9,12
1AN3845,Annie Latex Gloves Powder Free S 10ct,1.65,1dz/12dz,Small | 10ct,705372038452,COLOR ACCESSORY,4,SALON GLOVE,9,13
1AN3846,Annie Latex Gloves Powder Free M 10ct,1.65,1dz/12dz,Medium | 10ct,705372038469,COLOR ACCESSORY,4,SALON GLOVE,9,14
1AN3847,Annie Latex Gloves Powder Free L 10ct,1.65,1dz/12dz,Large | 10ct,705372038476,COLOR ACCESSORY,4,SALON GLOVE,9,15
1AN3848,Annie Latex Gloves Powder Free XL 10ct,1.65,1dz/12dz,X-Large | 10ct,705372038483,COLOR ACCESSORY,4,SALON GLOVE,9,16
1AN4711,Ozen Applicator Bottle 4oz,0.50,1dz/12dz,,705372047119,BOTTLE,5,APPLICATOR,1,1
1AN4712,Ozen Applicator Bottle 6oz,0.65,1dz/12dz,,705372047126,BOTTLE,5,APPLICATOR,1,2
1AN4713,Ozen Applicator Bottle 8oz,0.75,1dz/12dz,,705372047133,BOTTLE,5,APPLICATOR,1,3
1AN4714,Ozen Applicator Bottle 8oz Extended Nozzle,0.75,1dz/12dz,,705372047140,BOTTLE,5,APPLICATOR,1,4
1AN4715,Ozen applicator Bottle 8oz Angled Nozzle,0.85,1dz/12dz,,705372047157,BOTTLE,5,APPLICATOR,1,5
1AN4753,Ozen 10oz.Curve Spray Bottle Pink,1.25,1dz/8dz,Durable plastic | 300ml. | Pink color,705372047539,BOTTLE,5,SPRAY BOTTLE,2,1
1AN4701,Ozen 8oz Mini Spray Bottle 240ml,1.10,1dz/6dz,240ml. PET | Red & black,705372047010,BOTTLE,5,SPRAY BOTTLE,2,2
1AN4706,Ozen 15oz. Medium Spray Bottle 450ml,1.10,1dz/6dz,350ml PET | Red & black,705372047065,BOTTLE,5,SPRAY BOTTLE,2,3
1AN5004-6,Annie Hair Shears 5.5” Black,0.88,6pc/144pc,Stainless steel | Comfortable finger rest,705372050041,HAIR SCISSOR & BLADE,6,HAIR SHEAR,1,1
1AN5005-6,Annie Hair Shears 6.5” Black,1.35,6pc/144pc,Stainless steel | Comfortable finger rest,705372050058,HAIR SCISSOR & BLADE,6,HAIR SHEAR,1,2
1AN5006-6,Annie Hair Shears 7” Black,1.63,6pc/144pc,Stainless steel | Comfortable finger rest,705372050065,HAIR SCISSOR & BLADE,6,HAIR SHEAR,1,3
1AN5010-6,Annie Hair Shears 5.5” Asst Color,0.90,6pc/144pc,"Stainless steel | Comfortable finger rest | Assorted color: black, purple and burgundy",705372050102,HAIR SCISSOR & BLADE,6,HAIR SHEAR,1,4
1AN5016-6,Annie Thinning Shears 6.5” Black 20 Teeth,3.75,6pc/144pc,Titanium coated | Stainless steel | Comfortable finger rest | 20 Teeth,705372050164,HAIR SCISSOR & BLADE,6,HAIR SHEAR,1,5
1AN5024-6,Annie Ice Tempered Stainless Steel Hair Shears 5.5”,3.75,6pc/144pc,,705372050249,HAIR SCISSOR & BLADE,6,STRAIGHT HAIR SHEAR ICE TEMPERED,2,1
1AN5025-6,Annie Ice Tempered Stainless Steel Hair Shear 6.5”,3.75,6pc/144pc,,705372050256,HAIR SCISSOR & BLADE,6,STRAIGHT HAIR SHEAR ICE TEMPERED,2,2
1AN5055,Annie Hair Shears 6.5” 24ct Black,0.65,1jar/12jar,Finger rest,705372050553,HAIR SCISSOR & BLADE,6,EDGE CONTROL SCISSORS,3,1
1AN5056,Annie Hair Shears 6.5” 24ct Asst Color,0.67,1jar/12jar,"Assorted color: orange, pink, purple, royal blue, green, and yellow | Finger rest",705372050560,HAIR SCISSOR & BLADE,6,EDGE CONTROL SCISSORS,3,2
1AN5135,Tinkle Folding Browshaper Display 36ct Asst Color,0.50,1disp/27disp,Assorted color | Stainless steel blade with safety cover | Blades made in Korea | Assembled in Vietnam,705372051352,HAIR SCISSOR & BLADE,6,EYEBROW RAZORS,4,1
1AN5131,Annie Eyebrow Shaper Display 36ct Asst. Color,0.39,4disp/16disp,Assorted color | Swing open stainless steel blade with safety cover | Blades made in Korea | Assembled in Vietnam,705372051314,HAIR SCISSOR & BLADE,6,EYEBROW RAZORS,4,2
1AN5134,Almine Browshaper Display 36ct Asst Color,0.24,4disp/16disp,Assorted color | Stainless steel blade with safety cover,705372051345,HAIR SCISSOR & BLADE,6,EYEBROW RAZORS,4,3
1AN5140,Annie Eyebrow Razors Display 36ct Asst Color,0.56,1disp/16disp,Assorted color | Stainless steel blade with safety cover | Blades made in Korea | Assembled in Vietnam,705372051406,HAIR SCISSOR & BLADE,6,EYEBROW RAZORS,4,4
1AN5136,Tinkle Hair Trimmer Green,1.20,10pc/240pc,Double sided comb with trimmer | Blades made in Korea | Assembled in Vietnam,705372051369,HAIR SCISSOR & BLADE,6,EDGE RAZOR,5,1
1AN5102,Annie Hair Shaper with Two Guides,3.15,12pc/360pc,Lightweight stainless steel shaper | Excellent for shaping and texturing all kinds of hair,705372051024,HAIR SCISSOR & BLADE,6,EDGE RAZOR,5,2
1AN5104,Annie Disposable Shaver W/ 2 Blades,3.50,12pc/288pc,2 Free blades included | Closeness and quality of a professional straight razor shave,705372051048,HAIR SCISSOR & BLADE,6,EDGE RAZOR,5,3
1AN5105,Annie Hair Trimmer,1.00,1dz/50dz,Free blade included,705372051055,HAIR SCISSOR & BLADE,6,EDGE RAZOR,5,4
1AN5100,Annie Hair Shaper 5 Blades 60ct,2.10,12pack/600pack,12 Packets/disp. | 5 Blades/packet | Stainless steel blades made in Japan | Platinum and Teflon coated | Blade measures 0.5” x 2.25”,705372051000,HAIR SCISSOR & BLADE,6,BLADES,6,1
1AN5101,Dorco Double Edge Blades Display 10ct,0.70,10disp/100disp,10 Packets/box | 10 Blades/packet | Stainless steel blades | Blade measures 0.9” x 1.7”,705372051017,HAIR SCISSOR & BLADE,6,BLADES,6,2
1AN5110,Almine Corn Cutter Blades,0.85,1disp/150disp,10 Packets/box | 10 Blades/packet | Stainless steel blades made in Germany | Blade measures 0.9” x 1”,705372051109,HAIR SCISSOR & BLADE,6,BLADES,6,3
1AN4308,"Mr. Durag Hologram Durag, Color Asst.",2.25,1dz/12dz,,705372043081,FASHION APPAREL,7,HOLOGRAM DURAG,1,1
1AN4310,"Mr. Durag Hologram Durag, Black",2.25,1dz/12dz,,705372043104,FASHION APPAREL,7,HOLOGRAM DURAG,1,2
1AN4390,Mr. Durag Nuwave-X Black,2.15,1dz/12dz,,705372043906,FASHION APPAREL,7,NUWAVE-X DURAG,2,1
1AN3691,"Ms. Remi Silky Satin Vivid Bonnet, XL Platinum Color Assorted",2.29,1dz/12dz,,705372036915,FASHION APPAREL,7,VIVID SILKY SATIN BONNET,3,1
1AN3694,"Ms. Remi Silky Satin Vivid Bonnet, XJB Platinum Color Assorted",3.39,1dz/12dz,,705372036946,FASHION APPAREL,7,VIVID SILKY SATIN BONNET,3,2
1AN3587,"Ms. Remi Luminous Braid Bonnet Ultra-JB, Assorted",4.00,1dz/12dz,,705372035871,FASHION APPAREL,7,LUMINOUS CLOSED END BRAID BONNET,4,1
1AN3682,"Ms. Remi Lingerie Wide Edge Silky Bonnet XJB, Black",,0.5dz/12dz,,705372036823,FASHION APPAREL,7,WIDE EDGE LINGERIE SILKY SATIN BONNET,5,1
1AN3609,"Ms. Remi Silky Satin Jewel Bonnet X-Jumbo, Black",3.75,1dz/12dz,,705372036090,FASHION APPAREL,7,SILKY SATIN JEWEL BONNET,6,1
1AN3610,"Ms. Remi Silky Satin Jewel Bonnet X-Jumbo, Assorted",3.75,1dz/12dz,,705372036106,FASHION APPAREL,7,SILKY SATIN JEWEL BONNET,6,2
1AN4572,Ms. Remi Deluxe Jumbo Day and Night Cap X-JB Black,3.75,1dz/12dz,,705372045726,FASHION APPAREL,7,DAY & NIGHT CAPS,7,1
1AN4573,Ms. Remi Deluxe Jumbo Day and Night Cap X-JB Asst Color,3.75,1dz/12dz,,705372045733,FASHION APPAREL,7,DAY & NIGHT CAPS,7,2
1AN4693,"Ms. Remi Mesh Braiding & Weaving cap, Black",1.95,1dz/24dz,Two clips for strong hold | Luxury material | Comfortable elastic band | Perfect for latch hook hair weaving,705372046938,FASHION APPAREL,7,WEAVING CAP,9,1
1AN4575,Ms. Remi Mesh Dome Wig Cap Black,1.95,1dz/24dz,,705372045757,FASHION APPAREL,7,WIG CAP,8,1
1AN4548,Ms. Remi Mesh Dome Wig Cap Natural Beige,1.65,1dz/24dz,,705372045481,FASHION APPAREL,7,WIG CAP,8,2
1AN4688,Ms. Remi Spandex Dome Cap Black,1.20,1dz/24dz,,705372046884,FASHION APPAREL,7,SPANDEX DOME CAP,10,1
1AN4681,Ms. Remi Kufi Cap Black,1.55,1dz/24dz,,705372046815,FASHION APPAREL,7,KUFI CAP,11,1
1AN4330,Mr. Durag Stocking Wave Cap with Wide Band; 2pc Black,0.33,1dz/24dz,,705372043302,FASHION APPAREL,7,STOCKING WAVE CAP,12,1
1AN4332,Mr. Durag Stocking Wave Cap 2pc Asst Color,0.33,1dz/24dz,,705372043326,FASHION APPAREL,7,STOCKING WAVE CAP,12,2
1AN4660,Mr. Durag Stylish Jumbo Stocking Cap XL Black,0.60,1dz/24dz,,705372046600,FASHION APPAREL,7,JUMBO STOCKING CAP,13,1
1AN4300,Mr. Durag Solid Durag Black,0.50,1dz/24dz,,705372043005,FASHION APPAREL,7,DELUXE DURAG REMIX,14,1
1AN4307,Mr. Durag Solid Durag Asst Color,0.50,1dz/24dz,,705372043074,FASHION APPAREL,7,DELUXE DURAG REMIX,14,2
1AN3648,"Ms. Remi Glitz Braid Bonnet Cap, Ultra-JB, Sparkle Color Assorted",3.99,1dz/12dz,,705372036489,FASHION APPAREL,7,GLITZ BRAID BONNET,15,1
1AN3647,"Ms. Remi Glitz Braid Bonnet Cap, Ultra-JB, Black Sparkle",3.99,1dz/12dz,,705372036472,FASHION APPAREL,7,GLITZ BRAID BONNET,15,2
1AN3619,Ms. Remi Silky Braid and Dreadlocks Closed Cap with Assorted,2.65,1dz/12dz,,705372036199,FASHION APPAREL,7,UNISEX SILKY BRAID & DREADLOCK,16,1
1AN4854,Annie Small Curved Weaving Needle Bulk,0.30,1dz/50dz/750dz,Designed specifically for sew in weaves,705372048543,FASHION APPAREL,7,WEAVING SET,17,1
1AN4855,Annie Straight Weaving Needle Bulk,0.30,50dz/300dz,Designed specifically for sew in weaves,705372048550,FASHION APPAREL,7,WEAVING SET,17,2
1AN4856,Annie Curved Weaving Needle Bulk,0.30,1dz/50dz/300dz,Designed specifically for sew in weaves,705372048567,FASHION APPAREL,7,WEAVING SET,17,3
1AN4876,Annie High Strength Thread 60 M Black,0.30,1dz/24dz,Used to attached wefted hair extensions | Easy to use and strong for long-lasting hold | Deluxe high strength nylon (60m),705372048765,FASHION APPAREL,7,NYLON WEAVING THREAD,18,1
1AN4850,Annie Weaving 70M Thread Bulk Black,0.45,1dz/100dz,,705372048505,FASHION APPAREL,7,70M WEAVING THREAD,19,1
1AN4851,Annie Weaving 70M Thread Bulk Brown,0.45,1dz/100dz,,705372048512,FASHION APPAREL,7,70M WEAVING THREAD,19,2
1AN3658,"Ms. Remi Silky Top Knot Pre-Tied Turban, Pattern Assorted",3.46,1dz/12dz,"Pre-tied top knot, ready to wear | Ultra-stretch material | Super breathable | One size fits all",705372036588,FASHION APPAREL,7,SILKY TOP KNOT PRE-TIED TURBAN,20,1
1AN3670,"Ms. Remi Silky Wrap Scarf with Design, Assorted",1.90,1dz/12dz,,705372036700,FASHION APPAREL,7,SILKY WRAP SCARF,21,1
1AN4523,"Ms. Remi Sapphire Wrap Scarf 60 Inch Long, Black",2.25,1dz/12dz,,705372045238,FASHION APPAREL,7,SAPPHIRE STRETCHY SILKY WRAP SCARF,22,1
1AN4524,"Ms. Remi Sapphire Wrap Scarf 60 Inch Long, Assorted",2.25,1dz/12dz,,705372045245,FASHION APPAREL,7,SAPPHIRE STRETCHY SILKY WRAP SCARF,22,2
1AN3673,"Ms. Remi Sapphire Wide Stretchy Headwrap Scarf, Black",2.08,1dz/12dz,,705372036731,FASHION APPAREL,7,SAPPHIRE WIDE SILKY HEADWRAP SCARF,23,1
1AN3672,"Ms. Remi Wide Silky Headwrap Scarf, Pattern Assorted",2.08,1dz/12dz,,705372036724,FASHION APPAREL,7,SAPPHIRE WIDE SILKY HEADWRAP SCARF,23,2
1AN3674,"Ms. Remi Sapphire Wide Stretchy Headwrap Scarf, Assorted",2.08,1dz/12dz,,705372036748,FASHION APPAREL,7,SAPPHIRE WIDE SILKY HEADWRAP SCARF,23,3
1AN4402,Ms. Remi Wig Cap 2pc Dark Brown,0.30,1dz/24dz,,705372044026,FASHION APPAREL,7,STOCKING WIG CAP,24,1
1AN4400,Ms. Remi Wig Cap 2pc Black,0.30,1dz/24dz,,705372044002,FASHION APPAREL,7,STOCKING WIG CAP,24,2
1AN4401,Ms. Remi Wig Cap 2pc Natural Beige,0.30,1dz/24dz,,705372044019,FASHION APPAREL,7,STOCKING WIG CAP,24,3
1AN4585,Ms. Remi Wig accessories Set 600pc Asst Color,5.42,1box/4box,,705372045856,FASHION APPAREL,7,WIDE BAND WIG CAP,25,1
1AN4581,Ms. Remi Wig Accessories Wide Band 300pc Black,0.11,1box/12box,,705372045818,FASHION APPAREL,7,WIDE BAND WIG CAP,25,2
1AN4582,Ms. Remi Wig Accessories Wide Band 100pc Natural Beige,0.11,1box/24box,,705372045825,FASHION APPAREL,7,WIDE BAND WIG CAP,25,3
1AN4583,Ms. Remi Wig Accessories Wide Band 100pc Light Brown,0.11,1box/24box,,705372045832,FASHION APPAREL,7,WIDE BAND WIG CAP,25,4
1AN4584,Ms. Remi Wig Accessories Wide Band 100pc Dark Brown,0.11,1box/24box,,705372045849,FASHION APPAREL,7,WIDE BAND WIG CAP,25,5
1AN4537,Ms. Remi Extra Jumbo Thick Hair Net X-JB 12pc Black,2.15,1dz/24dz,,705372045375,FASHION APPAREL,7,THICK HAIR NETS,26,1
1AN4538,Ms. Remi Extra Jumbo Thick Hair Net X-JB 12pc Asst Color,2.15,1dz/24dz,,705372045382,FASHION APPAREL,7,THICK HAIR NETS,26,2
1AN3620,"Mr. Durag Dreadlock Spandex Band, Green Camouflage",1.70,1dz/18dz,,705372036205,FASHION APPAREL,7,DREADLOCKS BAND,27,1
1AN3623,"Mr. Durag Dreadlock Spandex Band, Grey Camouflage",1.70,1dz/18dz,,705372036236,FASHION APPAREL,7,DREADLOCKS BAND,27,2
1AN3903,"Annie Cutting Cape 43"" x 52"" Black",4.75,36pc/216pc,,705372039039,FASHION APPAREL,7,CUTTING CAPE,28,1
1AN3904,"Annie Cutting Cape 43"" x 52"" Burgundy",4.25,36pc/216pc,,705372039046,FASHION APPAREL,7,CUTTING CAPE,28,2
1AN3905,"Annie Cutting Cape 43"" x 52"" Blue",4.25,36pc/216pc,,705372039053,FASHION APPAREL,7,CUTTING CAPE,28,3
1AN3910,"Annie Shampoo/Cutting Cape 42"" x 54"" Asst Color",2.15,12pc/120pc,Soft vinyl with nylon neckline | Waterproof and stain resistant | Adjustable velcro closure | Safe for all salon processes | All purpose cape | Large size 42”(W) x 54”(L) | Black and burgundy,705372039107,FASHION APPAREL,7,SHAMPOO & CUTTING CAPE,29,1
1AN3913,"Annie Shampoo Cape 45"" x 54"" Black",2.75,12pc/72pc,45”(W) x 54”(L),705372039138,FASHION APPAREL,7,SHAMPOO CAPE,30,1
1AN3914,"Annie Shampoo Cape 54"" x 60"" Black",3.00,12pc/72pc,Jumbo size 54”(W) x 60”(L),705372039145,FASHION APPAREL,7,SHAMPOO CAPE,30,2
1AN3915,"Annie Styling Cape 45"" x 55"" Black",5.50,12pc/72pc,,705372039152,FASHION APPAREL,7,STYLING CAPE,31,1
1AN3916,"Annie Styling Cape 45"" x 55"" Burgundy",5.50,12pc/72pc,,705372039169,FASHION APPAREL,7,STYLING CAPE,31,2
1AN3921,"Annie Stylist Apron 27"" x 30"" Black Waist-Tie String",3.25,12pc/144pc,,705372039213,FASHION APPAREL,7,STYLIST APRON,32,1
1AN3922,"Annie Stylist Apron 27"" x 30"" Burgundy Waist-Tie String",2.75,12pc/144pc,,705372039220,FASHION APPAREL,7,STYLIST APRON,32,2
1AN3923,"Annie Reversible Stylist Apron 27"" x 30"" Black/Silver",4.50,12pc/72pc,,705372039237,FASHION APPAREL,7,STYLIST APRON,32,3
1AN4846,Annie 400M Thread Black,1.00,1dz/12dz,,705372048468,FASHION APPAREL,7,400M WEAVING THREAD,33,1
1AN4848,Annie 1200M Thread Black,2.95,6pc/48pc,,705372048482,FASHION APPAREL,7,1200M WEAVING THREAD,34,1
1AN4864,Annie Latch Hooks In Jar 36ct Asst Color,0.53,4jar/16jar,Ideal tool for latch hook weave hairstyling | Annie exclusive colors,705372048642,FASHION APPAREL,7,LATCH HOOK HAIR WEAVING TOOL,35,1
1AN4863,Annie Latch Hook Hair Weaving Tool 15cm,0.55,1dz/48dz,Ideal tool for latch hook weave hairstyle,705372048635,FASHION APPAREL,7,LATCH HOOK HAIR WEAVING TOOL,35,2
1AN3917,"Annie Comb-Out Cape 27"" x 27"" Black Tie-String Closure",1.60,12pc/144pc,,705372039176,FASHION APPAREL,7,COMB-OUT CAPE,36,1
1AN3918,"Annie Comb-Out Cape 27"" x 27"" Burgundy Tie-String Closure",1.10,12pc/144pc,,705372039183,FASHION APPAREL,7,COMB-OUT CAPE,36,2
1AN3919,"Annie Comb-Out Cape 28"" x 28"" Black Velcro Closure",2.50,12pc/144pc,,705372039190,FASHION APPAREL,7,COMB-OUT CAPE,36,3
1AN3920,"Annie Comb-Out Cape 28"" x 28"" Burgundy Velcro Closure",2.15,12pc/144pc,,705372039206,FASHION APPAREL,7,COMB-OUT CAPE,36,4
1AN3912,"Annie Barber Styling Cloth 45"" x 55"" Blue and White Striped",7.50,12pc/72pc,"Soft, Durable 100% nylon | Crinkled finish, washable | Adjustable snap-on closure | 4 button closure | 45”(W) x 55”(L) | Blue and white striped",705372039121,FASHION APPAREL,7,BARBER STYLING CLOTH,38,1
1AN3968,Annie See-through Styling Cape,5.78,12pc/72pc,"Durable, 100% nylon | HD see-through window perfect for mobile devices and magazines | Adjustable velcro closure | Water resistant",705372039688,FASHION APPAREL,7,CUTTING & STYLING CAPE,37,1
1AN3159,Annie Rubber Bands 500ct Black,0.70,0.5dz/12dz,Black | Medium | 14mm diameter,705372031590,HAIR ACCESSORY,8,RUBBER BANDS,1,1
1AN3162,Annie Rubber Bands 1000ct Black,1.05,0.5dz/12dz,Black | Medium | 14mm diameter,705372031620,HAIR ACCESSORY,8,RUBBER BANDS,1,2
1AN3149,Annie Rubber Bands L 150ct Black,0.40,1dz/50dz,Black | Large | 26mm diameter,705372031491,HAIR ACCESSORY,8,RUBBER BANDS,1,3
1AN3150,Annie Rubber Bands L 150ct Asst Color,0.40,1dz/50dz,Assorted color | Large | 26mm diameter,705372031507,HAIR ACCESSORY,8,RUBBER BANDS,1,4
1AN3147,Annie Rubber Bands 300ct Black,0.40,1dz/50dz,Black | Medium | 14mm diameter,705372031477,HAIR ACCESSORY,8,RUBBER BANDS,1,5
1AN3148,Annie Rubber Bands Asst Size 300ct White,0.40,1dz/50dz,"White | Assorted sizes | 10mm, 12mm, 16mm, 18mm",705372031484,HAIR ACCESSORY,8,RUBBER BANDS,1,6
1AN0610,"Annie Rubber Band 3 1/2” X 1/4”, 1/4 lb Beige",1.10,1dz/6dz,1/4lb (113g) | 3 1/2” x 1/4” (Size #64) | Packaged in a resealable bag | Beige,705372006109,HAIR ACCESSORY,8,RUBBER BANDS,1,7
1AN0611,"Annie Rubber Band 3 1/2” x 1/4”, 1/4lb Black",1.10,1dz/6dz,1/4lb (113g) | 3 1/2” x 1/4” (Size #64) | Packaged in a resealable bag | Black,705372006116,HAIR ACCESSORY,8,RUBBER BANDS,1,8
1AN3324,Annie Bob Pins 2” 100ct Black,0.80,1dz/8dz,Black color | Crimped | 2” Long | Ball tipped,705372033242,HAIR ACCESSORY,8,BOB PINS,2,1
1AN3107,Annie Bob Pins 2” 300ct Black,1.50,1dz/4dz,Black color | Ball tipped | 2” long | Crimped,705372031071,HAIR ACCESSORY,8,BOB PINS,2,2
1AN3135,Annie Hair Pins 1 3/4” 300ct Black,1.50,1dz/4dz,Black color | Crimped | 1 3/4” Long | Ball tipped,705372031354,HAIR ACCESSORY,8,BOB PINS,2,3
1AN3322,Annie Hair Pins 1 3/4” 100ct Black,0.80,1dz/8dz,Black color | Crimped | 1 3/4” Long | Ball tipped,705372033228,HAIR ACCESSORY,8,BOB PINS,2,4
1AN3282,Annie Foam Hair Foundation 3 1/4”,1.10,1dz/6dz,3 1/4” Dia. | 1 1/4” Thickness,705372032825,HAIR ACCESSORY,8,HAIR BUN,3,1
1AN3285,Annie Wired Foam Hair Foundation 3 1/2”,1.25,1dz/6dz,3 1/2” Dia. | 1 1/4” Thickness | Firm foam with wire,705372032856,HAIR ACCESSORY,8,HAIR BUN,3,2
1AN3288,Annie Foam Hair Foundation 3 3/4”,1.35,1dz/6dz,3 3/4” Dia. | 1 1/2” Thickness,705372032887,HAIR ACCESSORY,8,HAIR BUN,3,3
1AN3284,Annie Wired Foam Hair Foundation 12”,1.25,1dz/6dz,12” Long | 1 1/4” Diameter | Firm foam with wire,705372032849,HAIR ACCESSORY,8,HAIR FOUNDATION,4,1
1AN3201,Annie Side Combs L 2ct Black,0.65,1dz/48dz,Black | An effortless way to keep your hair out of your face,705372032016,HAIR ACCESSORY,8,FLEXIBLE HAIR COMB,5,1
1AN3205,Annie Side Combs L 2ct Asst Color,0.60,1dz/48dz,Clear/Tortoise | An effortless way to keep your hair out of your face,705372032054,HAIR ACCESSORY,8,FLEXIBLE HAIR COMB,5,2
1AN3200,Annie Flexible Hair Comb Black,0.60,1dz/48dz,Black | An effortless way to keep your hair out of your face,705372032009,HAIR ACCESSORY,8,FLEXIBLE HAIR COMB,5,3
1AN3204,Annie Flexible Hair Comb Assorted,0.55,1dz/48dz,Black/Tortoise | An effortless way to keep your hair out of your face,705372032047,HAIR ACCESSORY,8,FLEXIBLE HAIR COMB,5,4
1AN3202,Annie Side Combs M 2ct Black,0.65,1dz/72dz,Black | Effectively holds back any kind of hair with precision and ease,705372032023,HAIR ACCESSORY,8,FLEXIBLE HAIR COMB,5,5
1AN3206,Annie Side Combs M 2ct Asst Color,0.60,1dz/72dz,Clear/Tortoise | An effortless way to keep your hair out of your face,705372032061,HAIR ACCESSORY,8,FLEXIBLE HAIR COMB,5,6
1AN3203,Annie Side Combs S 4ct Black,0.65,1dz/72dz,Black | Effectively holds back any kind of hair with precision and ease,705372032030,HAIR ACCESSORY,8,FLEXIBLE HAIR COMB,5,7
1AN3207,Annie Side Combs S 4ct Asst Color,0.60,1dz/72dz,Clear/Tortoise | An effortless way to keep your hair out of your face,705372032078,HAIR ACCESSORY,8,FLEXIBLE HAIR COMB,5,8
1AN3152,Annie Rubber Bands Asst Size 300ct Black,4.80,1dz/50dz,"Black | Assorted sizes | 10mm, 12mm, 16mm, 18mm",705372031521,HAIR ACCESSORY,8,RUBBER BANDS,1,9
1AN3153,Annie Rubber Bands Asst Size 300ct Asst Color,4.80,1dz/50dz,"Assorted color | Assorted sizes | 10mm, 12mm, 16mm, 18mm",705372031538,HAIR ACCESSORY,8,RUBBER BANDS,1,10
1AN3303,Annie Bob Pins 2” 60ct Matte Black,0.60,1dz/36dz,Matte black | Crimped / 2” Long | Ball tipped,705372033037,HAIR ACCESSORY,8,HAIR PINS,6,1
1AN3103,Annie Jumbo Pins 2 3/4” 40ct Black,0.55,1dz/18dz,Black color | 2 3/4” Long | Ball tipped,705372031033,HAIR ACCESSORY,8,HAIR PINS,6,2
1AN3102,Annie Asst Pins 2” And 2 3/4” 50ct Black,0.50,1dz/18dz,Black color | 30pc - 2” Crimped long | 20pc - 2 3/4” long | Ball tipped,705372031026,HAIR ACCESSORY,8,HAIR PINS,6,3
1AN3108,Annie Bob Pins 2” 60ct Black,0.50,1dz/36dz,Black color | Crimped / 2” Long | Ball tipped,705372031088,HAIR ACCESSORY,8,HAIR PINS,6,4
1AN3301,Annie Mini Bob Pins 1 1/2” 60ct Black,,1dz/36dz,Black | 1 1/2” Long | Ball tipped,705372033013,HAIR ACCESSORY,8,HAIR PINS,6,6
1AN3109,Annie Bob Pins 2” 60ct Bronze,0.50,1dz/36dz,Bronze color | Crimped / 2” Long | Ball tipped,705372031095,HAIR ACCESSORY,8,HAIR PINS,6,5
1AN3337,Annie Bob Pins 2” 80ct Black,0.50,1dz/24dz,Black color | Crimped | 2” Long | Ball tipped,705372033372,HAIR ACCESSORY,8,HAIR PINS,6,7
1AN3339,Annie Bob Pins 2” 120ct Black,0.70,1dz/24dz,Black color | Crimped | 2” Long | Ball tipped,705372033396,HAIR ACCESSORY,8,HAIR PINS,6,8
1AN3312,Annie Hair Pins 1 3/4” 110ct Black,0.60,1dz/36dz,Black color | Crimped | 1 3/4” Long | Ball tipped,705372033129,HAIR ACCESSORY,8,HAIR PINS,6,9
1AN3100,Annie Hair Pins 1 3/4” 100ct Black,0.55,1dz/36dz,Black color | Crimped | 1 3/4” Long | Without ball tip,705372031002,HAIR ACCESSORY,8,HAIR PINS,6,10
1AN3112,Annie Hair Pins 1 3/4” 100ct Black Micro Ball Tipped,0.60,1dz/6dz/36dz,Black color | Crimped | 1 3/4” Long | Micro ball tipped,705372031125,HAIR ACCESSORY,8,HAIR PINS,6,11
1AN3316,Annie Hair Pins 2 1/2” 60ct Black,0.60,1dz/36dz,Black color | Crimped | 2 1/2” Long | Ball tipped,705372033167,HAIR ACCESSORY,8,HAIR PINS,6,12
1AN3317,Annie Hair Pins 2 1/2” And 2” And 1 3/4” 100ct Black,0.80,1dz/24dz,"Black color, Crimped | 30pc - 2 1/2” Long | 30pc - 2” Long | 40pc - 1 3/4” Long | Ball tipped",705372033174,HAIR ACCESSORY,8,HAIR PINS,6,13
1AN3327,Annie Jumbo Hair Pins 3” 32ct Black,0.60,1dz/6dz/36dz,Black color | Crimped | 3” Long | Ball tipped,705372033273,HAIR ACCESSORY,8,HAIR PINS,6,14
1AN3332,Annie Hair Pins 1 1/2” 110ct Black,0.60,1dz/36dz,Black color | Crimped | 1 1/2” Long | Ball tipped,705372033327,HAIR ACCESSORY,8,HAIR PINS,6,15
1AN3330,Annie Hair Pins 1 3/4” And 2 1/2” 200ct Black,1.10,1dz/18dz,Black color | 150pc - 1 3/4” Long | 50pc - 2 1/2” Long | Ball tipped,705372033303,HAIR ACCESSORY,8,HAIR PINS,6,16
1AN3314,Annie Hair Pins 1 3/4” And 2 1/2” 75ct Black,0.60,1dz/36dz,"Black color | Crimped | Assorted sizes 1 3/4” 50ct, and 2 1/2” 25ct | Ball tipped",705372033143,HAIR ACCESSORY,8,HAIR PINS,6,17
1AN3191,Annie Single Prong Clips 80ct,4.25,6pcs/120pc,Premium quality metal | Durable long-lasting metal | Strong metal spring | Help hold curls in place,705372031910,HAIR ACCESSORY,8,PREMIUM CLIPS,7,1
1AN3192,Annie Double Prong Clips 80ct,4.25,6pcs/96pc,Premium quality metal | Durable long-lasting metal | Strong metal spring | Help hold curls in place,705372031927,HAIR ACCESSORY,8,PREMIUM CLIPS,7,2
1AN3193,Annie Slide-In Clips 80ct,5.00,6pc/96pc,Premium quality metal | Durable long-lasting metal | Strong metal spring | Help hold curls in place,705372031934,HAIR ACCESSORY,8,PREMIUM CLIPS,7,3
1AN3195,Annie Duck Bill Clips,1.50,6box/120box,Premium quality metal | Durable long-lasting metal | Strong metal spring | Help hold curls in place,705372031958,HAIR ACCESSORY,8,PREMIUM CLIPS,7,4
1AN3081,Annie Single Prong Clips 80ct,3.50,6pcs/120pc,Durable long-lasting metal | Strong metal spring | Help hold curls in place,705372030814,HAIR ACCESSORY,8,HAIR CLIPS,8,1
1AN3082,Annie Double Prong Clips 80ct,3.50,6pcs/96pc,Durable long-lasting metal | Strong metal spring | Help hold curls in place,705372030821,HAIR ACCESSORY,8,HAIR CLIPS,8,2
1AN3083,Annie Slide-In Clips 80ct,3.50,6pc/96pc,Durable long-lasting metal | Strong metal spring | Help hold curls in place,705372030838,HAIR ACCESSORY,8,HAIR CLIPS,8,3
1AN3084,Annie Duck Bill Clips 36ct,2.75,6pc/96pc,Durable long-lasting metal | Strong metal spring | Help hold curls in place,705372030845,HAIR ACCESSORY,8,HAIR CLIPS,8,4
1AN3169,Annie Single Prong Clips 12ct,0.70,1dz/5dz/40dz,Durable long-lasting metal | Strong metal spring | Help hold curls in place,705372031699,HAIR ACCESSORY,8,HAIR CLIP,9,1
1AN3171,Annie Slide-In Clips 10ct,0.75,1dz/5dz/40dz,Durable long-lasting metal | Strong metal spring | Help hold curls in place,705372031712,HAIR ACCESSORY,8,HAIR CLIP,9,2
1AN3172,Annie Double Prong Clips 10ct,0.75,1dz/5dz/40dz,Durable long-lasting metal | Strong metal spring | Help hold curls in place,705372031729,HAIR ACCESSORY,8,HAIR CLIP,9,3
1AN3168,Annie Duck Bill Clips 12ct,1.15,1dz/6dz/24dz,Metal | 12ct,705372031682,HAIR ACCESSORY,8,DUCK BILL CLIPS,10,1
1AN3170,Annie Duck Bill Clips 4ct,0.55,1dz/5dz/40dz,Durable long-lasting metal | Strong metal spring | Help hold curls in place,705372031705,HAIR ACCESSORY,8,DUCK BILL CLIPS,10,2
1AN3183,Annie Jumbo Clips 4ct Asst Color,1.25,1dz/20dz,Assorted color | Plastic | 5 3/4” Long,705372031835,HAIR ACCESSORY,8,JUMBO CLIP,12,1
1AN3247,Annie Crocodile Clip 4.5” 2ct Pink & Purple,1.50,1dz/12dz,"Section large amounts of hair while coloring, cutting, and styling | Grip ensures no slipping while working with wet hair, product or color | Holds thin and thick hair out of the way while working and styling | Secures hair with superior grip | Patented original technology | Pink/purple assorted",705372032474,HAIR ACCESSORY,8,CROCODILE CLIP,11,1
1AN3248,Annie Crocodile Clip 4.5” 2ct Black & White,1.50,1dz/12dz,"Section large amounts of hair while coloring, cutting, and styling | Grip ensures no slipping while working with wet hair, product or color | Holds thin and thick hair out of the way while working and styling | Secures hair with superior grip | Patented original technology | Black & white",705372032481,HAIR ACCESSORY,8,CROCODILE CLIP,11,2
1AN3238,Annie Crocodile Clip 4.5” 4ct Black,2.50,1dz/12dz,"Section large amounts of hair while coloring, cutting, and styling | Grip ensures no slipping while working with wet hair, product or color | Holds thin and thick hair out of the way while working and styling | Secures hair with superior grip | Patented original technology | Black",705372032382,HAIR ACCESSORY,8,CROCODILE CLIP,11,3
1AN3239,Annie Crocodile Clip 4.5” 4ct Zebra & Leopard,2.50,1dz/12dz,"Section large amounts of hair while coloring, cutting, and styling | Grip ensures no slipping while working with wet hair, product or color | Holds thin and thick hair out of the way while working and styling | Secures hair with superior grip | Patented original technology | Zebra/leopard assorted",705372032399,HAIR ACCESSORY,8,CROCODILE CLIP,11,4
1AN3178,Annie Butterfly Clamps 2” 6ct,0.80,1dz/12dz,Assorted color | 2” Width | Perfect for separating hair,705372031781,HAIR ACCESSORY,8,BUTTERFLY CLAMP,13,1
1AN3179,Annie Butterfly Clamps 3” 6ct,0.90,1dz/12dz,Assorted color | 3” Width | Perfect for separating hair,705372031798,HAIR ACCESSORY,8,BUTTERFLY CLAMP,13,2
1AN3180,Annie Butterfly Clamps 2” 12ct,1.25,1dz/10dz,Assorted color | 2” Width | Perfect for separating hair,705372031804,HAIR ACCESSORY,8,BUTTERFLY CLAMP,13,3
1AN3181,Annie Butterfly Clamps 3” 12ct,1.25,1dz/8dz,Assorted color | 3” Width | Perfect for separating hair,705372031811,HAIR ACCESSORY,8,BUTTERFLY CLAMP,13,4
1AN3175,Annie Control Clips 4.5” 4ct,1.58,1dz/5dz/40dz,Assorted color | 4.5” Long | Metal,705372031750,HAIR ACCESSORY,8,HAIR CLIP,9,4
1AN3184,Annie Grip Control Clips 4ct Asst Color,1.50,1dz/5dz/40dz,Assorted color | Metal | 4” Long,705372031842,HAIR ACCESSORY,8,HAIR CLIP,9,5
1AN3185,Annie Combo Clips 4ct Asst Color,1.25,1dz/40dz,Assorted color | Metal/Plastic combination | 4” Long,705372031859,HAIR ACCESSORY,8,HAIR CLIP,9,6
1AN3186,Annie Plastic Duck Bill Clips 4.8” 6ct Asst Color,1.15,1dz/6dz/36dz,Assorted color | 4.8” Long | Hold rollers in place | Use to position wet hair | Plastic,705372031866,HAIR ACCESSORY,8,HAIR CLIP,9,7
1AN3394,Annie Spring Clip With Fabric 3ct Black,1.30,12dz/48dz,Fabric cover to prevent snagging | Hooks on to wig cap instantly | No sewing needed,705372033945,HAIR ACCESSORY,8,SPRING WIG CLIP,14,1
1AN3408,Annie Clip On Wig Clips 2ct Black,1.30,1dz/12dz/48dz,Clip on tabs for the strongest hold | No sewing required,705372034089,HAIR ACCESSORY,8,WIG CLIP,15,1
1AN3127,Annie Wig Clips L 2ct Brown,0.65,1dz/12dz/144dz,Brown color | Large,705372031279,HAIR ACCESSORY,8,WIG CLIP,15,2
1AN3160,Annie Wig Clips L 2ct Black,0.75,1dz/12dz/144dz,Black color | Large,705372031606,HAIR ACCESSORY,8,WIG CLIP,15,3
1AN3225,Annie Wig Clips S 12ct Black,2.25,1dz/12dz,Black color | Small,705372032252,HAIR ACCESSORY,8,WIG CLIP,15,4
1AN3226,Annie Wig Clips L 12ct Black,2.75,1dz/12dz,Black color | Large,705372032269,HAIR ACCESSORY,8,WIG CLIP,15,5
1AN3122,Annie Wig Clips S 100ct Black Bulk,17.00,12pc/72pc,Black color | Small,705372031224,HAIR ACCESSORY,8,WIG CLIPS,17,1
1AN3123,Annie Wig Clips L 100ct Black Bulk,17.00,12pc/72pc,Black color | Large,705372031231,HAIR ACCESSORY,8,WIG CLIPS,17,2
1AN3140,"Annie T-Pins, 12ct, Silver Metal Color, Premium Stainless Steel",1.10,1dz/6dz/54dz,Premium quality metal | Pins have a smooth T-bar head and a sharp point,705372031408,HAIR ACCESSORY,8,T-PIN,16,1
1AN3161,Annie Wig Clips S 2ct Black,0.70,1dz/12dz/144dz,Black color | Small,705372031613,HAIR ACCESSORY,8,WIG CLIPS,17,3
1AN3391,Annie Dual Wig Clip Small 2 Pairs Black,1.30,12dz/48dz,Small,705372033914,HAIR ACCESSORY,8,DUAL WIG CLIP,18,1
1AN3392,Annie Dual Wig Clip Large 2 Pairs Black,1.30,12dz/48dz,Large,705372033921,HAIR ACCESSORY,8,DUAL WIG CLIP,18,2
1AN3444,Annie Velcro Wig Band 3cm Black,1.50,1dz/12dz,Black,705372034447,HAIR ACCESSORY,8,WIG BAND,19,1
1AN3445,Annie Velcro Wig Band 3cm Silicone Grip Black,1.50,1dz/12dz,Black,705372034454,HAIR ACCESSORY,8,WIG BAND,19,2
1AN3446,Annie Velcro Wig Band 4.5cm Black,1.75,1dz/12dz,Black,705372034461,HAIR ACCESSORY,8,WIG BAND,19,3
1AN3447,Annie Velcro Wig Band 4.5cm Silicone Grip Black,1.75,1dz/12dz,Black,705372034478,HAIR ACCESSORY,8,WIG BAND,19,4
1AN8883,Annie Non-Slip Headband 3cm Wide Black Silicone Lining,1.75,12pcs/144pcs,Non-slip grip | Silicone inserted | Can be used as wig band,705372088839,HAIR ACCESSORY,8,HEAD & WIG BAND,20,1
1AN8885,Annie Non-Slip Head and Wig Band 3cm Wide Light Brown Silicone Lining,1.75,12pcs/144pcs,Non-slip grip | Same color as Annie #4604 Ms. Remi Wig Cap Light Brown,705372088853,HAIR ACCESSORY,8,HEAD & WIG BAND,20,2
1AN8886,Annie Non-Slip Head and Wig Band 3cm Wide Dark Brown Silicone Lining,1.75,12pcs/144pcs,Non-slip grip | Same color as Annie #4402 Ms. Remi Wig Cap Dark Brown,705372088860,HAIR ACCESSORY,8,HEAD & WIG BAND,20,3
1AN1351,Annie Magnetic Rollers 5/8” 12ct Blue,0.93,1dz/15dz,Blue | 5/8” Diameter,705372013510,HAIR ROLLER & ROD,9,MAGNETIC ROLLERS,1,1
1AN1352,Annie Magnetic Rollers 3/4” 12ct Orange,0.93,1dz/15dz,Orange | 3/4” Diameter,705372013527,HAIR ROLLER & ROD,9,MAGNETIC ROLLERS,1,2
1AN1353,Annie Magnetic Rollers 7/8” 12ct Yellow,0.93,1dz/15dz,Yellow | 7/8” Diameter,705372013534,HAIR ROLLER & ROD,9,MAGNETIC ROLLERS,1,3
1AN1354,Annie Magnetic Rollers 1” 12ct Beige,0.93,1dz/8dz,Beige | 1” Diameter,705372013541,HAIR ROLLER & ROD,9,MAGNETIC ROLLERS,1,4
1AN1355,Annie Magnetic Rollers 1 1/4”12ct Aqua,1.01,1dz/8dz,Aqua | 1 1/4” Diameter,705372013558,HAIR ROLLER & ROD,9,MAGNETIC ROLLERS,1,5
1AN1359,Annie Magnetic Roller 3” 6ct Plum,1.78,0.5dz/1dz,Plum | 3” Diameter,705372013596,HAIR ROLLER & ROD,9,MAGNETIC ROLLERS,1,10
1AN1356,Annie Magnetic Rollers 1 1/2”12ct Red,1.25,1dz/8dz,Red | 1 1/2” Diameter,705372013565,HAIR ROLLER & ROD,9,MAGNETIC ROLLERS,1,6
1AN1357,Annie Magnetic Rollers 1 3/4”12ct Purple,1.78,1dz/2dz,Purple | 1 3/4” Diameter,705372013572,HAIR ROLLER & ROD,9,MAGNETIC ROLLERS,1,7
1AN1358,Annie Magnetic Rollers 2” 12ct Gray,1.80,1dz/2dz,Gray | 2” Diameter,705372013589,HAIR ROLLER & ROD,9,MAGNETIC ROLLERS,1,8
1AN1101,Annie Cold Wave Rod JB 12ct Orange,0.85,2dz/20dz,Diameter 3/4” | Orange,705372011011,HAIR ROLLER & ROD,9,COLD WAVE RODS,2,1
1AN1102,Annie Cold Wave Rod JB 12ct Sand,0.81,2dz/20dz,Diameter 11/16” | Sand,705372011028,HAIR ROLLER & ROD,9,COLD WAVE RODS,2,2
1AN1103,Annie Cold Wave Rod Long 12ct Orchid,0.80,2dz/20dz,Diameter 9/16” | Orchid,705372011035,HAIR ROLLER & ROD,9,COLD WAVE RODS,2,3
1AN1104,Annie Cold Wave Rod Long 12ct White,0.70,5dz/25dz,Diameter 7/16” | White,705372011042,HAIR ROLLER & ROD,9,COLD WAVE RODS,2,4
1AN1105,Annie Cold Wave Rod Long 12ct Gray,0.69,5dz/25dz,Diameter 3/8” | Gray,705372011059,HAIR ROLLER & ROD,9,COLD WAVE RODS,2,5
1AN1106,Annie Cold Wave Rod Long 12ct Pink,0.65,5dz/25dz,Diameter 5/16” | Pink,705372011066,HAIR ROLLER & ROD,9,COLD WAVE RODS,2,6
1AN1107,Annie Cold Wave Rod Long 12ct Blue,0.56,5dz/50dz,Diameter 1/4” | Blue,705372011073,HAIR ROLLER & ROD,9,COLD WAVE RODS,2,7
1AN1108,Annie Cold Wave Rod Long 12ct Yellow,0.55,5dz/50dz,Diameter 3/16” | Yellow,705372011080,HAIR ROLLER & ROD,9,COLD WAVE RODS,2,8
1AN1109,Annie Cold Wave Rod Short 12ct Orchid,0.74,5dz/25dz,Diameter 9/16” | Orchid,705372011097,HAIR ROLLER & ROD,9,COLD WAVE RODS,2,9
1AN1110,Annie Cold Wave Rod Short 12ct White,0.68,5dz/25dz,Diameter 7/16” | White,705372011103,HAIR ROLLER & ROD,9,COLD WAVE RODS,2,10
1AN1111,Annie Cold Wave Rod Short 12ct Gray,0.65,5dz/25dz,Diameter 3/8” | Gray,705372011110,HAIR ROLLER & ROD,9,COLD WAVE RODS,2,11
1AN1112,Annie Cold Wave Rod Short 12ct Pink,0.60,5dz/50dz,Diameter 5/16” | Pink,705372011127,HAIR ROLLER & ROD,9,COLD WAVE RODS,2,12
1AN1113,Annie Cold Wave Rod Short 12ct Blue,0.58,5dz/50dz,Diameter 1/4” | Blue,705372011134,HAIR ROLLER & ROD,9,COLD WAVE RODS,2,13
1AN1114,Annie Cold Wave Rod Short 12ct Yellow,0.55,5dz/50dz,Diameter 3/16” | Yellow,705372011141,HAIR ROLLER & ROD,9,COLD WAVE RODS,2,14
1AN1115,Annie Cold Wave Rod Short 12ct Red,0.48,5dz/50dz,Diameter 1/10” | Red,705372011158,HAIR ROLLER & ROD,9,COLD WAVE RODS,2,15
1AN1120,Annie Cold Wave Rod X-JB 6ct Green,1.23,4dz/20dz,Diameter 1” | Green,705372011202,HAIR ROLLER & ROD,9,COLD WAVE RODS,2,16
1AN1121,Annie Cold Wave Rod X-JB 6ct Black,1.44,2dz/10dz,Diameter 1 1/4” | Black,705372011219,HAIR ROLLER & ROD,9,COLD WAVE RODS,2,17
1AN1122,Annie Cold Wave Rod X-JB 6ct Brown,1.60,2dz/10dz,Diameter 1 1/2” | Brown,705372011226,HAIR ROLLER & ROD,9,COLD WAVE RODS,2,18
1AN1051,Annie Foam Rollers S 14ct Blue,0.80,0.5dz/6dz,Blue | 5/8” Diameter,705372010519,HAIR ROLLER & ROD,9,FOAM ROLLERS,3,1
1AN1052,Annie Foam Rollers M 12ct Yellow,0.80,0.5dz/6dz,Yellow | 7/8” Diameter,705372010526,HAIR ROLLER & ROD,9,FOAM ROLLERS,3,2
1AN1053,Annie Foam Rollers L 10ct Green,0.80,0.5dz/6dz,Green | 1” Diameter,705372010533,HAIR ROLLER & ROD,9,FOAM ROLLERS,3,3
1AN1054,Annie Foam Rollers XL 8ct Pink,0.80,0.5dz/6dz,Pink | 1 1/4” Diameter,705372010540,HAIR ROLLER & ROD,9,FOAM ROLLERS,3,4
1AN1055,Annie Foam Rollers JB 6ct Pink,0.80,0.5dz/6dz,Pink | 1 1/2” Diameter,705372010557,HAIR ROLLER & ROD,9,FOAM ROLLERS,3,5
1AN1061,Annie Foam Rollers S 14ct Black,0.80,0.5dz/6dz,Black | 5/8” Diameter,705372010618,HAIR ROLLER & ROD,9,FOAM ROLLERS,3,6
1AN1062,Annie Foam Rollers M 12ct Black,0.80,0.5dz/6dz,Black | 7/8” Diameter,705372010625,HAIR ROLLER & ROD,9,FOAM ROLLERS,3,7
1AN1063,Annie Foam Rollers L 10ct Black,0.80,0.5dz/6dz,Black | 1” Diameter,705372010632,HAIR ROLLER & ROD,9,FOAM ROLLERS,3,8
1AN1064,Annie Foam Rollers XL 8ct Black,0.80,0.5dz/6dz,Black | 1 1/4” Diameter,705372010649,HAIR ROLLER & ROD,9,FOAM ROLLERS,3,9
1AN1065,Annie Foam Rollers JB 6ct Black,0.80,0.5dz/6dz,Black | 1 1/2” Diameter,705372010656,HAIR ROLLER & ROD,9,FOAM ROLLERS,3,10
1AN1219,Annie Snap-On Magnetic Rollers X-JB 6ct Purple,0.91,0.5dz/6dz,Purple | 1 3/4” Diameter,705372012193,HAIR ROLLER & ROD,9,SNAP-ON MAGNETIC ROLLERS,4,1
1AN1220,Annie Snap-On Magnetic Rollers JB 6ct Orange,0.91,0.5dz/6dz,Orange | 1 1/2” Diameter,705372012209,HAIR ROLLER & ROD,9,SNAP-ON MAGNETIC ROLLERS,4,2
1AN1221,Annie Snap-On Magnetic Rollers XL 8ct Pink,0.91,0.5dz/6dz,Pink | 1 1/8” Diameter,705372012216,HAIR ROLLER & ROD,9,SNAP-ON MAGNETIC ROLLERS,4,3
1AN1222,Annie Snap-On Magnetic Rollers L 10ct Green,0.91,0.5dz/6dz,Green | 7/8” Diameter,705372012223,HAIR ROLLER & ROD,9,SNAP-ON MAGNETIC ROLLERS,4,4
1AN1223,Annie Snap-On Magnetic Rollers M 12ct Yellow,0.91,0.5dz/6dz,Yellow | 3/4” Diameter,705372012230,HAIR ROLLER & ROD,9,SNAP-ON MAGNETIC ROLLERS,4,5
1AN1224,Annie Snap-On Magnetic Rollers S 14ct Blue,0.91,0.5dz/6dz,Blue | 1/2” Diameter,705372012247,HAIR ROLLER & ROD,9,SNAP-ON MAGNETIC ROLLERS,4,6
1AN1230,Annie Snap-On Magnetic Rollers JB 6ct Black,0.91,0.5dz/6dz,Black | 1 1/2” Diameter,705372012308,HAIR ROLLER & ROD,9,SNAP-ON MAGNETIC ROLLERS,4,7
1AN1231,Annie Snap-On Magnetic Rollers XL 8ct Black,0.91,0.5dz/6dz,Black | 1 1/8” Diameter,705372012315,HAIR ROLLER & ROD,9,SNAP-ON MAGNETIC ROLLERS,4,8
1AN1232,Annie Snap-On Magnetic Rollers L 10ct Black,0.91,0.5dz/6dz,Black | 7/8” Diameter,705372012322,HAIR ROLLER & ROD,9,SNAP-ON MAGNETIC ROLLERS,4,9
1AN1233,Annie Snap-On Magnetic Rollers M 12ct Black,0.91,0.5dz/6dz,Black | 3/4” Diameter,705372012339,HAIR ROLLER & ROD,9,SNAP-ON MAGNETIC ROLLERS,4,10
1AN1234,Annie Snap-On Magnetic Rollers S 14ct Black,0.91,0.5dz/6dz,Black | 1/2” Diameter,705372012346,HAIR ROLLER & ROD,9,SNAP-ON MAGNETIC ROLLERS,4,11
1AN1360,Annie Magnetic Roller 2 1/2” 6ct Black,,0.5dz/2dz,Black | 2 1/2” Diameter,705372013602,HAIR ROLLER & ROD,9,MAGNETIC ROLLERS,1,9
1AN1240,Annie Silky Satin Rollers JB 6ct Black,1.25,0.5dz/6dz,1 1/2” Diameter,705372012407,HAIR ROLLER & ROD,9,SILKY SATIN PILLOW ROLLERS,5,1
1AN1241,Annie Silky Satin Rollers XL 6ct Black,1.25,0.5dz/6dz,1 1/4” Diameter,705372012414,HAIR ROLLER & ROD,9,SILKY SATIN PILLOW ROLLERS,5,2
1AN1242,Annie Silky Satin Rollers L 8ct Black,1.25,0.5dz/6dz,1” Diameter,705372012421,HAIR ROLLER & ROD,9,SILKY SATIN PILLOW ROLLERS,5,3
1AN1243,Annie Silky Satin Rollers M 10ct Black,1.25,0.5dz/6dz,7/8” Diameter,705372012438,HAIR ROLLER & ROD,9,SILKY SATIN PILLOW ROLLERS,5,4
1AN1244,Annie Silky Satin Rollers S 12ct Black,1.25,0.5dz/6dz,3/8” Diameter,705372012445,HAIR ROLLER & ROD,9,SILKY SATIN PILLOW ROLLERS,5,5
1AN1246,Annie Pillow Satin Rollers 10ct Black,2.25,0.5dz/6dz,"Black | No pins or clips needed | Soft, satin fabric prevents hair breakage | Snap lock closure",705372012469,HAIR ROLLER & ROD,9,SILKY SATIN PILLOW ROLLERS,5,6
1AN1248,Annie Pillow Soft Rollers 10ct White,1.78,0.5dz/6dz,"White | No pins or clips needed | Soft, satin fabric prevents hair breakage | Snap lock closure",705372012483,HAIR ROLLER & ROD,9,SILKY SATIN PILLOW ROLLERS,5,7
1AN1001,Annie Snap-On Rollers S 14ct Blue,0.75,0.5dz/6dz,Blue | 1/2” Diameter,705372010014,HAIR ROLLER & ROD,9,SNAP-ON ROLLERS,6,1
1AN1002,Annie Snap-On Rollers M 12ct Yellow,0.75,0.5dz/6dz,Yellow | 3/4” Diameter,705372010021,HAIR ROLLER & ROD,9,SNAP-ON ROLLERS,6,2
1AN1003,Annie Snap-On Rollers L 10ct Green,0.75,0.5dz/6dz,Green | 7/8” Diameter,705372010038,HAIR ROLLER & ROD,9,SNAP-ON ROLLERS,6,3
1AN1004,Annie Snap-On Rollers XL 8ct Pink,0.75,0.5dz/6dz,Pink | 1 1/8” Diameter,705372010045,HAIR ROLLER & ROD,9,SNAP-ON ROLLERS,6,4
1AN1005,Annie Snap-On Rollers JB 6ct Orange,0.75,0.5dz/6dz,Orange | 1 1/2” Diameter,705372010052,HAIR ROLLER & ROD,9,SNAP-ON ROLLERS,6,5
1AN1011,Annie Snap-On Rollers S 14ct Black,0.75,0.5dz/6dz,Black | 1/2” Diameter,705372010113,HAIR ROLLER & ROD,9,SNAP-ON ROLLERS,6,6
1AN1012,Annie Snap-On Rollers M 12ct Black,0.75,0.5dz/6dz,Black | 3/4” Diameter,705372010120,HAIR ROLLER & ROD,9,SNAP-ON ROLLERS,6,7
1AN1013,Annie Snap-On Rollers L 10ct Black,0.75,0.5dz/6dz,Black | 7/8” Diameter,705372010137,HAIR ROLLER & ROD,9,SNAP-ON ROLLERS,6,8
1AN1198,Annie Soft Twist Roller 7” 6ct Lavender,1.50,0.5dz/6dz/12dz,Lavender | 1/4” Diameter,705372011981,HAIR ROLLER & ROD,9,7” SOFT TWIST ROLLERS,7,1
1AN1199,Annie Soft Twist Rollers 7” 6ct Green,1.50,0.5dz/6dz/12dz,Green | 5/16” Diameter,705372011998,HAIR ROLLER & ROD,9,7” SOFT TWIST ROLLERS,7,2
1AN1200,Annie Soft Twist Rollers 7” 6ct Yellow,1.50,0.5dz/6dz/12dz,Yellow | 3/8” Diameter,705372012001,HAIR ROLLER & ROD,9,7” SOFT TWIST ROLLERS,7,3
1AN1201,Annie Soft Twist Rollers 7” 6ct Red,1.50,0.5dz/6dz/12dz,Red | 1/2” Diameter,705372012018,HAIR ROLLER & ROD,9,7” SOFT TWIST ROLLERS,7,4
1AN1202,Annie Soft Twist Rollers 7” 6ct Blue,1.50,0.5dz/6dz/12dz,Blue | 9/16” Diameter,705372012025,HAIR ROLLER & ROD,9,7” SOFT TWIST ROLLERS,7,5
1AN1203,Annie Soft Twist Rollers 7” 6ct Orange,1.50,0.5dz/6dz/12dz,Orange | 5/8” Diameter,705372012032,HAIR ROLLER & ROD,9,7” SOFT TWIST ROLLERS,7,6
1AN1204,Annie Soft Twist Rollers 7” 6ct Gray,1.50,0.5dz/6dz/12dz,Gray | 11/16” Diameter,705372012049,HAIR ROLLER & ROD,9,7” SOFT TWIST ROLLERS,7,7
1AN1205,Annie Soft Twist Rollers 7” 5ct Purple,1.50,0.5dz/6dz/12dz,Purple | 3/4” Diameter,705372012056,HAIR ROLLER & ROD,9,7” SOFT TWIST ROLLERS,7,8
1AN1251,Annie Soft Twist Rollers 7” 12ct Blue Value Pk,2.50,12pc/72pc,Blue | 9/16” Diameter,705372012513,HAIR ROLLER & ROD,9,7” SOFT TWIST ROLLERS VALUE PACK,8,1
1AN1252,Annie Soft Twist Rollers 7” 12ct Orange Value Pk,2.50,12pc/72pc,Orange | 5/8” Diameter,705372012520,HAIR ROLLER & ROD,9,7” SOFT TWIST ROLLERS VALUE PACK,8,2
1AN1253,Annie Soft Twist Rollers 7” 12ct Gray Value Pk,2.50,12pc/72pc,Gray | 11/16” Diameter,705372012537,HAIR ROLLER & ROD,9,7” SOFT TWIST ROLLERS VALUE PACK,8,3
1AN1254,Annie Soft Twist Rollers 7” 10ct Purple Value Pk,2.75,12pc/72pc,Purple | 3/4” Diameter,705372012544,HAIR ROLLER & ROD,9,7” SOFT TWIST ROLLERS VALUE PACK,8,4
1AN1261,Annie Soft Twist Rollers 10” 12ct Blue Value Pk,2.75,12pc/72pc,Blue | 9/16” Diameter,705372012612,HAIR ROLLER & ROD,9,10” SOFT TWIST ROLLERS VALUE PACK,9,1
1AN1262,Annie Soft Twist Rollers 10” 12ct Orange Value Pk,2.75,12pc/72pc,Orange | 5/8” Diameter,705372012629,HAIR ROLLER & ROD,9,10” SOFT TWIST ROLLERS VALUE PACK,9,2
1AN1263,Annie Soft Twist Rollers 10” 12ct Gray Value Pk,2.75,12pc/72pc,Gray | 11/16” Diameter,705372012636,HAIR ROLLER & ROD,9,10” SOFT TWIST ROLLERS VALUE PACK,9,3
1AN1264,Annie Soft Twist Rollers 10” 10ct Purple Value Pk,2.75,12pc/72pc,Purple | 3/4” Diameter,705372012643,HAIR ROLLER & ROD,9,10” SOFT TWIST ROLLERS VALUE PACK,9,4
1AN1213,Annie Soft Twist Rollers 10” 6ct Lavender,1.83,0.5dz/6dz/12dz,Lavender | 1/4” Diameter,705372012131,HAIR ROLLER & ROD,9,10” SOFT TWIST ROLLERS,10,1
1AN1211,Annie Soft Twist Rollers 10” 6ct Green,1.83,0.5dz/6dz/12dz,Green | 5/16” Diameter,705372012117,HAIR ROLLER & ROD,9,10” SOFT TWIST ROLLERS,10,2
1AN1212,Annie Soft Twist Rollers 10” 6ct Yellow,1.83,0.5dz/6dz/12dz,Yellow | 3/8” Diameter,705372012124,HAIR ROLLER & ROD,9,10” SOFT TWIST ROLLERS,10,3
1AN1206,Annie Soft Twist Rollers 10” 6ct Red,1.83,0.5dz/6dz/12dz,Red | 1/2” Diameter,705372012063,HAIR ROLLER & ROD,9,10” SOFT TWIST ROLLERS,10,4
1AN1207,Annie Soft Twist Rollers 10” 6ct Blue,1.83,0.5dz/6dz/12dz,Blue | 9/16” Diameter,705372012070,HAIR ROLLER & ROD,9,10” SOFT TWIST ROLLERS,10,5
1AN1208,Annie Soft Twist Rollers 10” 6ct Orange,1.83,0.5dz/6dz/12dz,Orange | 5/8” Diameter,705372012087,HAIR ROLLER & ROD,9,10” SOFT TWIST ROLLERS,10,6
1AN1209,Annie Soft Twist Rollers 10” 6ct Gray,1.83,0.5dz/6dz/12dz,Gray | 11/16” Diameter,705372012094,HAIR ROLLER & ROD,9,10” SOFT TWIST ROLLERS,10,7
1AN1210,Annie Soft Twist Rollers 10” 5ct Purple,1.83,0.5dz/6dz/12dz,Purple | 3/4” Diameter,705372012100,HAIR ROLLER & ROD,9,10” SOFT TWIST ROLLERS,10,8
1AN1215,Annie Soft Twist Rollers 10” 4ct Dark Green,2.00,0.5dz/6dz/12dz,Dark Green | 1” Diameter,705372012155,HAIR ROLLER & ROD,9,10” SOFT TWIST ROLLERS,10,9
1AN1216,Annie Soft Twist Rollers 10” 3ct Plum,2.00,0.5dz/6dz/12dz,Plum | 1 3/16” Diameter,705372012162,HAIR ROLLER & ROD,9,10” SOFT TWIST ROLLERS,10,10
1AN1217,Annie Soft Twist Rollers 10” 3ct Blue,2.00,0.5dz/6dz/12dz,Blue | 1 1/4” Diameter,705372012179,HAIR ROLLER & ROD,9,10” SOFT TWIST ROLLERS,10,11
1AN4250,Almine NBR Makeup Sponge 5.2x5.2x0.8cm Round Shape,0.55,6pc/30pc/216pc,Round shape | NBR material,705372042503,COSMETIC PRODUCT,10,MAKE-UP SPONGE,1,1
1AN4258,Almine blending Sponge 4.0x4.0x7.5cm Ergonomic Shape,2.11,12pc/216pc,Ergonomic shaped,705372042589,COSMETIC PRODUCT,10,MAKE-UP SPONGE,1,2
1AN4243,Almine Makeup Wedges 3.7x5.5x2.0cm 6ct Oval Shape,1.10,6pc/36pc/216pc,Oval shape | NR makeup wedges are soft and flexible sponge for a professional look | Made in Korea,705372042435,COSMETIC PRODUCT,10,MAKE-UP WEDGES,2,1
1AN4244,Almine Makeup Wedges 4.5x4.5x2.5cm 4ct Rhombus Shape,1.10,6pc/36pc/216pc,Rhombus shape | NR makeup wedges are soft and flexible sponge for a professional look | Made in Korea,705372042442,COSMETIC PRODUCT,10,MAKE-UP WEDGES,2,2
1AN4245,Almine NR Cosmetic Wedges 9.5x9.8x2.0cm 16ct,1.10,6pc/36pc/216pc,NR makeup wedges are soft and flexible sponge for a professional look | Made in Korea,705372042459,COSMETIC PRODUCT,10,MAKE-UP WEDGES,2,3
1AN6958,Annie Eyeshadow Applicators Double Sided 25ct Black,,12pc/360pc,Double side usage | Features point oval tip and a large oval tip on the other,705372069586,COSMETIC PRODUCT,10,APPLICATORS,3,1
1AN5400,Annie Pencil Sharpeners 48ct Asst Color,0.22,1box/90box,"Double sharpener (8mm,12mm holes) | Assorted colors",705372054001,COSMETIC PRODUCT,10,APPLICATORS,3,2
1AN4254,Almine Round Makeup Puff 6.5x6.5x0.7cm Cotton Material,0.55,6pc/36pc/216pc,Cotton material | Controls the amount of powder for application | Prevents heavy coverage while applying foundation | Made in Korea,705372042541,COSMETIC PRODUCT,10,MAKE-UP PUFF,4,1
1AN4256,Almine Powder Puff 5.5x5.5x0.5cm Round Shape,0.55,6pc/36pc/216pc,Round shaped flocking puff | Controls the amount of powder for application | Prevents heavy coverage | Features band for easy use | Made in Korea,705372042565,COSMETIC PRODUCT,10,MAKE-UP PUFF,4,2
1AN4236,"Almine Cleansing Sponge 3/8"" Red",0.55,6pc/36pc/432pc,,705372042367,COSMETIC PRODUCT,10,CLEANSING SPONGE,5,1
1AN4237,"Almine Cleansing Sponge 3/4"" Red",0.80,6pc/36pc/252pc,,705372042374,COSMETIC PRODUCT,10,CLEANSING SPONGE,5,2
1AN6012,Almine Toe Nail Clipper 36ct,0.46,1jar/12jar,Durable sharp blades,705372060125,MANICURE & PEDICURE,11,TOENAIL CLIPPER,1,1
1AN6017,Almine Side Nail Clipper 36ct,1.67,1jar/12jar,"Sharp, curved blades fits nails | Provides extra leverage",705372060170,MANICURE & PEDICURE,11,TOENAIL CLIPPER,1,2
1AN6011,Almine Nail Clipper 72ct,0.24,1jar/12jar,Convenient fold-able nail file | Chain for easy travel,705372060118,MANICURE & PEDICURE,11,TOENAIL CLIPPER,1,3
1AN5425,"Annie Shampoo Sprayer 3'7""",5.00,1dz/8dz,"3'7"" length | Great for washing hair, bathing infants & shampooing pets",705372054254,MANICURE & PEDICURE,11,SHAMPOO SPRAYER,3,1
1AN5355,Annie Callous Cutter Ivory,1.10,5dz/50dz,Includes extra blade,705372053554,MANICURE & PEDICURE,11,CALLOUS CUTTER,2,1
1AN6001,Almine Pointed Tip Tweezer 72ct,0.35,1jar/12jar,Perfectly aligned tips and shapely curved handles,705372060019,MANICURE & PEDICURE,11,TWEEZER,4,1
1AN6002,Almine Straight Tip Tweezer 72ct,0.35,1jar/12jar,Perfectly aligned tips and shapely curved handles,705372060026,MANICURE & PEDICURE,11,TWEEZER,4,2
1AN6013,Almine Slant Tip Tweezer 72ct,0.33,1jar/12jar,Precision-aligned slant tip edge for all your tweezing needs,705372060132,MANICURE & PEDICURE,11,TWEEZER,4,3
1AN6020,Almine Cuticle Scissors in Jar 48ct,0.42,1jar/12jar,Curved blade | Proficient trimming control | Durable sharp safety blades | Accurate fine point tip,705372060200,MANICURE & PEDICURE,11,CUTICLE SCISSORS,5,1
1AN6014,Almine Cuticle Trimmer 72ct,0.19,1jar/12jar,Two in one feature: Cuticle remover and pusher,705372060149,MANICURE & PEDICURE,11,CUTICLE TRIMMER,6,1
1AN6019,Almine Safety Scissors 48ct,0.42,1jar/12jar,Proficient trimming control | Durable sharp safety blades | Comfortable finger holes,705372060194,MANICURE & PEDICURE,11,SAFETY SCISSORS,7,1
1014,Annie Snap-On Rollers XL 8ct Black,0.75,0.5dz/6dz,Black | 1 1/8” Diameter,705372010144,HAIR ROLLER & ROD,9,SNAP-ON ROLLERS,6,9
1015,Annie Snap-On Rollers JB 6ct Black,0.75,0.5dz/6dz,Black | 1 1/2” Diameter,705372010151,HAIR ROLLER & ROD,9,SNAP-ON ROLLERS,6,10
1AN2937,Annie Nail Brush Set 24ct Asst Color,1.00,2set/12set,Soft bristles for cleaning under nails | Portable and practical | Sturdy construction | Great for home and travel | Assorted color,705372029375,MANICURE & PEDICURE,11,NAIL BRUSH,8,1
1AN5377,Almine Black Sanding Block Display 20ct Grit 100/120/180,0.63,4disp/24disp,"Grit 100/120/180 | Easy, comfortable gripping",705372053776,MANICURE & PEDICURE,11,NAIL BRUSH,8,2
1AN5378,Almine Black Sanding Block Display 20ct Grit 80/120,0.63,4disp/24disp,"Grit 80/120 | Easy, comfortable gripping",705372053783,MANICURE & PEDICURE,11,NAIL BRUSH,8,3
1AN5373,Almine Square Nail Files 7” 50ct Black Grit 100/180,0.29,4box/16box,7” Long | 100/180 Grit,705372053738,MANICURE & PEDICURE,11,NAIL BRUSH,8,4
1AN5376,Almine Banana Buffers 7” 50ct,0.25,4box/16box,7” Long | 100/180 Grit,705372053769,MANICURE & PEDICURE,11,NAIL BRUSH,8,5
1AN5370,Almine Nail Buffers 7” 50ct,0.24,4box/16box,7” Long | 100/180 Grit,705372053707,MANICURE & PEDICURE,11,NAIL BRUSH,8,6
1AN6015,Almine Sapphire File 60ct,0.23,1jar/12jar,5” Long | Create a perfect edge that helps prevent splitting and peeling | Pointed tip gently cleans under nails | Compact size is perfect for travel,705372060156,MANICURE & PEDICURE,11,NAIL BRUSH,8,7
1AN5351,Almine 2 Sided Pedicure File Asst Color,0.85,1dz/12dz,"Soften and smooths rough skin | Helps remove corns, calluses and hard skin | Washable and reusable | Assorted colors",705372053516,MANICURE & PEDICURE,11,PEDICURE FILE,9,1
1AN5352,Almine Angled Pedicure File Asst Color,1.00,1dz/12dz,"Soften and smooths rough skin | Helps remove corns, calluses and hard skin | Washable and reusable | Assorted colors",705372053523,MANICURE & PEDICURE,11,PEDICURE FILE,9,2
1AN5353,Almine Long Pedicure File Asst Color,1.00,1dz/12dz,"Soften and smooths rough skin | Helps remove corns, calluses and hard skin | Washable and reusable | Assorted colors",705372053530,MANICURE & PEDICURE,11,PEDICURE FILE,9,3
1AN5365,Almine Dual Action Pedicure File Asst Color,1.35,1dz/12dz,"Soften and smooths rough skin | Helps remove corns, calluses and hard skin | Washable and reusable | Assorted colors",705372053653,MANICURE & PEDICURE,11,PEDICURE FILE,9,4
1AN5357,Almine Metal Callous File Asst Color,0.90,1dz/12dz,"Soften and smooths rough skin | Helps remove corns, calluses and hard skin | Washable and reusable | Assorted colors",,MANICURE & PEDICURE,11,PEDICURE FILE,9,5
1AN5388,Almine 2-Way Callous File,1.00,1dz/12dz,"Soften and smooths rough skin | Helps remove corns, calluses and hard skin | Washable and reusable | Assorted colors",,MANICURE & PEDICURE,11,PEDICURE FILE,9,6
1AN5361,Almine Pumice Stone Peanut Shape Standard Grit,0.75,1dz/12dz,"Designed for mildly calloused skin | Helps remove corns, calluses and hard skin | Washable and reusable | Convenient storage loop",705372053615,MANICURE & PEDICURE,11,PUMICE STONE,10,1
1AN5362,Almine Long Pumice Stone Standard Grit,1.00,1dz/12dz,"Designed for mildly calloused skin | Helps remove corns, calluses and hard skin | Washable and reusable | Convenient storage loop",705372053622,MANICURE & PEDICURE,11,PUMICE STONE,10,2
1AN5363,Almine Super Pumice Rectangle White Fine Grit,1.10,1dz/12dz,"Designed for mildly calloused skin | Helps remove corns, calluses and hard skin | Washable and reusable | Convenient storage loop",705372053639,MANICURE & PEDICURE,11,PUMICE STONE,10,3
1AN5369,Almine Pumice Stone W/Brush Asst Color,1.10,1dz/12dz,"Assorted colors | Soften and smooths rough skin | Helps remove corns, calluses and hard skin | Washable and reusable",705372053691,MANICURE & PEDICURE,11,PUMICE STONE,10,4
1AN4994,"Annie Dreadlocks Crochet Needle, Dual Style 2 and 3 Hook (0.5mm), Assorted",2.75,1dz/48dz,"Dual ended tips | Assorted color, black, red, purple & pink",705372049946,HAIR WEAVING TOOLS,12,DREADLOCKS CROCHET HOOK,1,1
1AN4977,"Annie Dreadlocks Crochet Needle, 2-Hooks (0.75 mm) w Bamboo Handle",1.00,1dz/48dz,"2 Hook | Rust free stainless steel | Premium bamboo handle | 0.75mm Needle | Perfect for fixing dreadlocks, braid craft, weaving & more",705372049779,HAIR WEAVING TOOLS,12,DREADLOCKS CROCHET HOOK,1,2
1AN4978,"Annie Dreadlocks Crochet Needle, 3-Hooks (0.75 mm) w Bamboo Handle",1.60,1dz/48dz,"3 Hook | Rust free stainless steel | Premium bamboo handle | 0.75mm Needle | Perfect for fixing dreadlocks, braid craft, weaving & more",705372049786,HAIR WEAVING TOOLS,12,DREADLOCKS CROCHET HOOK,1,3
1AN4979,"Annie Dreadlocks Crochet Needle, 1 & 2-Hooks (2 in 1), (0.75 mm) w Bamboo Handle",2.13,1dz/48dz,"2 & 1 Hook | Rust free stainless steel | Premium bamboo handle | 0.75mm Needle | Perfect for fixing dreadlocks, braid craft, weaving & more",705372049793,HAIR WEAVING TOOLS,12,DREADLOCKS CROCHET HOOK,1,4
1AN1886,Joy Round Beads Regular Size Large Package Asst.,,1dz/6dz,"Regular size, large package | Assorted",705372018867,JOY PRODUCTS,14,REGULAR SIZE BEAD LARGE PACKAGE,1,1
1AN1751,Joy Round Beads Regular size Large Package White,,1dz/6dz,"Medium bead, large package | White",705372017518,JOY PRODUCTS,14,REGULAR SIZE BEAD LARGE PACKAGE,1,2
1AN1752,Joy Round Beads Regular size Large Package Clear,,1dz/6dz,"Medium bead, large package | Clear",705372017525,JOY PRODUCTS,14,REGULAR SIZE BEAD LARGE PACKAGE,1,3
1AN1767,Joy Round Beads Regular Size Large Package Asst.,,1dz/6dz,"Regular size, large package | Assorted",705372017679,JOY PRODUCTS,14,REGULAR SIZE BEAD LARGE PACKAGE,1,4
1AN1922,"Joy Round Beads XL Size, L. Pkg Glow in the Dark Pink",,1dz/6dz,Pink | Glow in the dark,705372019222,JOY PRODUCTS,14,X-LARGE SIZE BEAD LARGE PACKAGE,2,1
1AN1923,"Joy Round Beads XL Size, L. Pkg Glow in the Dark White",,1dz/6dz,White | Glow in the dark,705372019239,JOY PRODUCTS,14,X-LARGE SIZE BEAD LARGE PACKAGE,2,2
1AN1926,"Joy Round Beads XL Size, L. Pkg Glow in the Dark Purple",,1dz/6dz,Purple | Glow in the dark,705372019260,JOY PRODUCTS,14,X-LARGE SIZE BEAD LARGE PACKAGE,2,3
1AN1927,"Joy Round Beads XL Size, L. Pkg Glow in the Dark Solid Asst.",,1dz/6dz,Solid assorted color | Glow in the dark,705372019277,JOY PRODUCTS,14,X-LARGE SIZE BEAD LARGE PACKAGE,2,4
1AN1830,Joy Round Beads Large Size Large Package White,,1dz/6dz,"Large size, large package | White",705372018300,JOY PRODUCTS,14,LARGE SIZE BEAD LARGE PACKAGE,3,1
1AN1831,Joy Round Beads Large Size Large Package Clear,,1dz/6dz,"Large size, large package | Clear",705372018317,JOY PRODUCTS,14,LARGE SIZE BEAD LARGE PACKAGE,3,2
1AN1832,Joy Round Beads Large Size Large Package Black,,1dz/6dz,"Large size, large package | Black",705372018324,JOY PRODUCTS,14,LARGE SIZE BEAD LARGE PACKAGE,3,3
1AN1833,Joy Round Beads Large Size Large Package Asst.,,1dz/6dz,"Large size, large package | Solid Assorted",705372018331,JOY PRODUCTS,14,LARGE SIZE BEAD LARGE PACKAGE,3,4
1AN1835,Joy Round Beads Large Size Large Package Asst.,,1dz/6dz,"Large size, large package | White Assorted",705372018355,JOY PRODUCTS,14,LARGE SIZE BEAD LARGE PACKAGE,3,5
1AN1853,Joy Round Beads Large Size Large Package Asst.,,1dz/6dz,"Large size, large package | Assorted",705372018539,JOY PRODUCTS,14,LARGE SIZE BEAD LARGE PACKAGE,3,6
1AN1899,Joy Round Beads Large Size Large Package Asst.,,1dz/6dz,"Large size, large package | Assorted",705372018997,JOY PRODUCTS,14,LARGE SIZE BEAD LARGE PACKAGE,3,7
1AN1901,Joy Round Beads Large Size Large Package Asst.,,1dz/6dz,"Large size, large package | Assorted | Metallic",705372019017,JOY PRODUCTS,14,LARGE SIZE BEAD LARGE PACKAGE,3,8
1AN1954,Joy Round Beads XLarge Size Large Package Two Tone Pastel Pink,,1dz/6dz,Trendy mixed colors | Pastel pink two tone mix,705372019543,JOY PRODUCTS,14,X-LARGE SIZE BEAD LARGE PACKAGE,2,5
1AN1955,Joy Round Beads XLarge Size Large Package Two Tone Pastel Purple,,1dz/6dz,Trendy mixed colors | Pastel purple two tone mix,705372019550,JOY PRODUCTS,14,X-LARGE SIZE BEAD LARGE PACKAGE,2,6
1AN1959,Joy Round Beads XLarge Size Large Package Two Tone Pastel Asst.,,1dz/6dz,Trendy mixed colors | Pastel assorted two tone mix,705372019598,JOY PRODUCTS,14,X-LARGE SIZE BEAD LARGE PACKAGE,2,7
1AN16875,Joy Round Squishy Beads XL Size Large Package Clear,,1dz/6dz,Clear,705372168753,JOY PRODUCTS,14,ROUND SQUISHY BEADS XL SIZE LARGE PACKAGE,4,1
1AN16876,Joy Round Squishy Beads XL Size Large Package Clear & White,,1dz/6dz,Clear & white,705372168760,JOY PRODUCTS,14,ROUND SQUISHY BEADS XL SIZE LARGE PACKAGE,4,2
1AN16877,Joy Round Squishy Beads XL Size Large Package White,,1dz/6dz,White,705372168777,JOY PRODUCTS,14,ROUND SQUISHY BEADS XL SIZE LARGE PACKAGE,4,3
1AN16878,Joy Round Squishy Beads XL Size Large Package Black,,1dz/6dz,Black,705372168784,JOY PRODUCTS,14,ROUND SQUISHY BEADS XL SIZE LARGE PACKAGE,4,4
1AN16879,Joy Round Squishy Beads XL Size Large Package Black & White,,1dz/6dz,Black & white,705372168791,JOY PRODUCTS,14,ROUND SQUISHY BEADS XL SIZE LARGE PACKAGE,4,5
1AN16880,Joy Round Squishy Beads XL Size Large Package Pink Mix,,1dz/6dz,Pink mix,705372168807,JOY PRODUCTS,14,ROUND SQUISHY BEADS XL SIZE LARGE PACKAGE,4,6
1AN16881,Joy Round Squishy Beads XL Size Large Package Solid Mix,,1dz/6dz,Solid mix,705372168814,JOY PRODUCTS,14,ROUND SQUISHY BEADS XL SIZE LARGE PACKAGE,4,7
1AN16882,Joy Round Squishy Beads XL Size Large Package Transparent Mix,,1dz/6dz,Transparent mix,705372168821,JOY PRODUCTS,14,ROUND SQUISHY BEADS XL SIZE LARGE PACKAGE,4,8
1AN16883,Joy Round Squishy Beads XL Size Large Package Neon Mix,,1dz/6dz,Neon mix,705372168838,JOY PRODUCTS,14,ROUND SQUISHY BEADS XL SIZE LARGE PACKAGE,4,9
1AN16302,Joy Hair Barrettes White Daisy,,1dz/24dz,White,705372163024,JOY PRODUCTS,14,DAISY HAIR BARRETTES,5,1
1AN16303,Joy Hair Barrettes Clear Daisy,,1dz/24dz,Clear,705372163031,JOY PRODUCTS,14,DAISY HAIR BARRETTES,5,2
1AN16308,Joy Hair Barrettes Asst Color Daisy,,1dz/24dz,Assorted,705372163086,JOY PRODUCTS,14,DAISY HAIR BARRETTES,5,3
1AN16309,Joy Hair Barrettes Asst Color Daisy,,1dz/24dz,Assorted,705372163093,JOY PRODUCTS,14,DAISY HAIR BARRETTES,5,4
1AN16310,Joy Hair Barrettes Asst Color Daisy,,1dz/24dz,Assorted,705372163109,JOY PRODUCTS,14,DAISY HAIR BARRETTES,5,5
1AN16314,Joy Hair Barrettes Asst Color Daisy,,1dz/24dz,Assorted,705372163147,JOY PRODUCTS,14,DAISY HAIR BARRETTES,5,6
1AN16315,Joy Hair Barrettes Asst Color Daisy,,1dz/24dz,Assorted,705372163154,JOY PRODUCTS,14,DAISY HAIR BARRETTES,5,7
1AN16334,Joy Hair Barrettes Asst Color Butterfly,,1dz/24dz,Assorted,705372163345,JOY PRODUCTS,14,DAISY HAIR BARRETTES,5,8
1AN16359,Joy Hair Barrettes Asst Color Ribbon II,,1dz/24dz,Assorted,705372163598,JOY PRODUCTS,14,DAISY HAIR BARRETTES,5,9
1AN16396,Joy Hair Barrettes Asst Color Daisy,,1dz/24dz,Assorted,705372163956,JOY PRODUCTS,14,DAISY HAIR BARRETTES,5,10
1AN16399,Joy Hair Barrettes Asst Color Daisy,,1dz/24dz,Assorted,705372163994,JOY PRODUCTS,14,DAISY HAIR BARRETTES,5,11
1AN16400,Joy Hair Barrettes Asst Color Daisy,,1dz/24dz,Assorted,705372164007,JOY PRODUCTS,14,DAISY HAIR BARRETTES,5,12
1AN16402,Joy Hair Barrettes Gold Daisy,,1dz/24dz,Gold,705372164021,JOY PRODUCTS,14,DAISY HAIR BARRETTES,5,13
1AN16403,Joy Hair Barrettes Silver Daisy,,1dz/24dz,Silver,705372164038,JOY PRODUCTS,14,DAISY HAIR BARRETTES,5,14
1AN16420,Joy Hair Barrettes Asst Ribbon II,,1dz/24dz,Assorted,705372164205,JOY PRODUCTS,14,DAISY HAIR BARRETTES,5,15
1AN16425,Joy Hair Barrettes Asst Ribbon II,,1dz/24dz,Assorted,705372164250,JOY PRODUCTS,14,DAISY HAIR BARRETTES,5,16
1AN16426,Joy Hair Barrettes Clear Ribbon II,,1dz/24dz,Clear,705372164267,JOY PRODUCTS,14,DAISY HAIR BARRETTES,5,17
1AN16427,Joy Hair Barrettes Clear Ribbon II,,1dz/24dz,Clear,705372164274,JOY PRODUCTS,14,DAISY HAIR BARRETTES,5,18
1AN16452,Joy Barrettes Asst Color Daisy,,1dz/24dz,Assorted,705372164526,JOY PRODUCTS,14,DAISY HAIR BARRETTES,5,19
1AN16461,Joy Barrettes Asst Color Daisy,,1dz/24dz,Assorted,705372164618,JOY PRODUCTS,14,DAISY HAIR BARRETTES,5,20
1AN16474,Joy Barrettes Asst Color Daisy,,1dz/24dz,Assorted,705372164748,JOY PRODUCTS,14,DAISY HAIR BARRETTES,5,21
1AN16475,Joy Barrettes Asst Color Daisy,,1dz/24dz,Assorted,705372164755,JOY PRODUCTS,14,DAISY HAIR BARRETTES,5,22
1AN16050,Joy Twin Beads Ponytailers 20mm 10ct White,,1dz/24dz,White,705372160504,JOY PRODUCTS,14,TWIN BEADS PONYTAILERS 10CT,6,1
1AN16051,Joy Twin Beads Ponytailers 20mm 10ct Clear,,1dz/24dz,Clear,705372160511,JOY PRODUCTS,14,TWIN BEADS PONYTAILERS 10CT,6,2
1AN16056,Joy Twin Beads Ponytailers 20mm 10ct Pink,,1dz/24dz,Pink,705372160566,JOY PRODUCTS,14,TWIN BEADS PONYTAILERS 10CT,6,3
1AN16064,Joy Twin Beads Ponytailers 20mm 10ct Asst Color,,1dz/24dz,Assorted,705372160641,JOY PRODUCTS,14,TWIN BEADS PONYTAILERS 10CT,6,4
1AN16132,Joy Twin Beads Ponytailers 20mm 8ct Two Tone Blue,,1dz/24dz,Blue | Two tone,705372161327,JOY PRODUCTS,14,TWIN BEADS PONYTAILERS 10CT,6,5
1AN16133,Joy Twin Beads Ponytailers 20mm 8ct Two Tone Purple,,1dz/24dz,Purple | Two tone,705372161334,JOY PRODUCTS,14,TWIN BEADS PONYTAILERS 10CT,6,6
1AN16134,Joy Twin Beads Ponytailers 20mm 8ct Two Tone Pink,,1dz/24dz,Pink | Two tone,705372161341,JOY PRODUCTS,14,TWIN BEADS PONYTAILERS 10CT,6,7
1AN16135,Joy Twin Beads Ponytailers 20mm 8ct Two Tone Orange,,1dz/24dz,Orange | Two tone,705372161358,JOY PRODUCTS,14,TWIN BEADS PONYTAILERS 10CT,6,8
1AN16136,Joy Twin Beads Ponytailers 20mm 8ct Two Tone Yellow,,1dz/24dz,Yellow | Two tone,705372161365,JOY PRODUCTS,14,TWIN BEADS PONYTAILERS 10CT,6,9
1AN16137,Joy Twin Beads Ponytailers 20mm 8ct Two Tone Brown,,1dz/24dz,Brown | Two tone,705372161372,JOY PRODUCTS,14,TWIN BEADS PONYTAILERS 10CT,6,10
1AN16138,Joy Twin Beads Ponytailers 20mm 8ct Two Tone Asst.,,1dz/24dz,Assorted | Two tone,705372161389,JOY PRODUCTS,14,TWIN BEADS PONYTAILERS 10CT,6,11
1AN16139,Joy Twin Beads Ponytailers 20mm 8ct Two Tone Asst.,,1dz/24dz,Assorted | Two tone,705372161396,JOY PRODUCTS,14,TWIN BEADS PONYTAILERS 10CT,6,12
1AN16205,Joy Twin Beads Ponytailers 20mm 10ct Asst Color,,1dz/24dz,Assorted,705372162058,JOY PRODUCTS,14,TWIN BEADS PONYTAILERS 10CT,6,13
1AN16208,Joy Twin Beads Ponytailers 20mm 10ct Asst Color,,1dz/24dz,Assorted,705372162089,JOY PRODUCTS,14,TWIN BEADS PONYTAILERS 10CT,6,14
1AN16212,Joy Twin Beads Ponytailers 20mm 10ct Asst Color,,1dz/24dz,Assorted,705372162126,JOY PRODUCTS,14,TWIN BEADS PONYTAILERS 10CT,6,15
1AN16265,Joy Twin beads Ponytailers 20mm 10ct Asst,,1dz/24dz,Assorted,705372162652,JOY PRODUCTS,14,TWIN BEADS PONYTAILERS 10CT,6,16
1AN16280,Joy Twin Beads Ponytailers 20mm 10ct Asst Color,,1dz/24dz,Assorted,705372162805,JOY PRODUCTS,14,TWIN BEADS PONYTAILERS 10CT,6,17
1AN16292,Joy Twin Beads Ponytailers 20mm 10ct Asst,,1dz/24dz,Assorted,705372162928,JOY PRODUCTS,14,TWIN BEADS PONYTAILERS 10CT,6,18
1AN16099,Joy Twin Beads Ponytailers 40mm 4ct Asst Color,,1dz/16dz,Brown mix,705372160993,JOY PRODUCTS,14,TWIN BEADS PONYTAILERS 4CT,7,1
1AN16100,Joy Twin Beads Ponytailers 40mm 4ct Black,,1dz/16dz,Black,705372161006,JOY PRODUCTS,14,TWIN BEADS PONYTAILERS 4CT,7,2
1AN16101,Joy Twin Beads Ponytailers 40mm 4ct White,,1dz/16dz,White,705372161013,JOY PRODUCTS,14,TWIN BEADS PONYTAILERS 4CT,7,3
1AN16102,Joy Twin Beads Ponytailers 40mm 4ct Asst Color,,1dz/16dz,Assorted,705372161020,JOY PRODUCTS,14,TWIN BEADS PONYTAILERS 4CT,7,4
1AN16290,Joy Twin Beads Ponytailers 40mm 4ct Asst Color,,1dz/16dz,Assorted,705372162904,JOY PRODUCTS,14,TWIN BEADS PONYTAILERS 4CT,7,5
1AN3003,Annie Hand Mirror S 1x Asst Color Bulk,1.50,1dz/12dz,"1 X Magnification | Single sided hand mirror | Great for everyday use | Color - black, red & blue",705372030036,MISCELLANEOUS,15,MIRRORS,1,1
1AN3004,Annie TV Mirror L 1x Asst Color Bulk,2.50,0.5dz/4dz,"1 X Magnification | Single sided hand mirror | Color - white, blue & red",705372030043,MISCELLANEOUS,15,MIRRORS,1,2
1AN3005,Annie TV Mirror S 1x Asst Color Bulk,2.25,0.5dz/6dz,"1 X Magnification | Single sided hand mirror | Color - white, blue & red",705372030050,MISCELLANEOUS,15,MIRRORS,1,3
1AN3006,Annie Hand Mirror XS 1x Asst Color Bulk,0.85,1dz/20dz,"1 X Magnification | Purse size | Single sided hand mirror | Color - black, red & blue",705372030067,MISCELLANEOUS,15,MIRRORS,1,4
1AN3008,Annie Teardrop Mirror,5.75,1pc/12pc,1 X Magnification | Great for salon & spa | Mirror itself measures 11 1/2” x 8 1/2”,705372030081,MISCELLANEOUS,15,MIRRORS,1,5
1AN3009,Annie TV Mirror L 1x Black Bulk,2.50,0.5dz/4dz,,705372030098,MISCELLANEOUS,15,MIRRORS,1,6
1AN3010,Annie TV Mirror S 1x Black Bulk,2.25,0.5dz/6dz,,705372030104,MISCELLANEOUS,15,MIRRORS,1,7
1BRD11030,Stocking Wig Caps 2pcs Black,0.36,1dz/48dz,,658302110301,MISCELLANEOUS,15,STOCKING WIG CAPS,2,1
1BRD11051,Stocking Wig Caps 2pcs Beige,0.50,1dz/48dz,,658302110516,MISCELLANEOUS,15,STOCKING WIG CAPS,2,2
1BRD11052,Stocking Wig Caps 2pcs Brown,0.36,1dz/48dz,,658302110523,MISCELLANEOUS,15,STOCKING WIG CAPS,2,3
1BRD22111,Stocking Wig Caps 2pcs Natural,0.50,1dz/48dz,,658302221113,MISCELLANEOUS,15,STOCKING WIG CAPS,2,4
1BRD22031,Large Band Wig Caps 2pcs Black,0.53,1dz/24dz,,658302220314,MISCELLANEOUS,15,STOCKING WIG CAPS,2,5
1BRD22030,Stocking Wig Caps 5pcs Black,1.07,1dz/24dz,,658302220307,MISCELLANEOUS,15,STOCKING WIG CAPS,2,6
1BRD22901-6,Braided Weaving Cap -Horseshoe / Adjustable Strap Black,5.00,6pc/12dz/24pk,,658302229010,MISCELLANEOUS,15,BRAIDED WEAVING CAP,3,1
1BRD11083,Closed Top Weaving Cap Black,0.67,1dz/24dz,,658302110837,MISCELLANEOUS,15,WEAVING CAP & HAIR NETS,4,1
1BRD11031,Open Top Wig Cap Liner Black,0.83,1dz/24dz,,658302110318,MISCELLANEOUS,15,WEAVING CAP & HAIR NETS,4,2
1BRD11086,Deluxe Multi Use Weaving Cap Black,1.78,6pcs/24dz,,658302110868,MISCELLANEOUS,15,WEAVING CAP & HAIR NETS,4,3
1BRD11084,Deluxe Weaving Net Black,1.25,1dz/24dz,,658302110844,MISCELLANEOUS,15,WEAVING CAP & HAIR NETS,4,4
1BRD22004,Satin Bonnet Large Black,1.60,1dz/24dz,,658302220048,MISCELLANEOUS,15,OLIVE OIL AND VITAMIN E TREATED CAPS,5,1
1BRD22008,Deluxe Foam Mesh Wrap Black,1.60,1dz/24dz,,658302220086,MISCELLANEOUS,15,OLIVE OIL AND VITAMIN E TREATED CAPS,5,2
1BRD22401,Deluxe Weaving Net -Small Hole Black,1.07,1dz/24dz,,658302224015,MISCELLANEOUS,15,WEAVING CAPS AND HAIR NETS,6,1
1BRD22405,Stretch Weaving Nets 2 pcs Black,1.60,1dz/24dz,,658302224053,MISCELLANEOUS,15,WEAVING CAPS AND HAIR NETS,6,2
1BRD11082,Multi Purpose Wave Nets 2pcs Brown,0.89,1dz/24dz,,658302220222,MISCELLANEOUS,15,WEAVING CAPS AND HAIR NETS,6,3
1BRD11081,French Mesh Thin Hair Nets 3 pcs Black,0.75,1dz/48dz,,658302110813,MISCELLANEOUS,15,WEAVING CAPS AND HAIR NETS,6,4
1BRD11059,Mesh Wrap Asst,0.93,1dz/48dz,,658302110592,MISCELLANEOUS,15,WRAPS AND BANDS,7,1
1BRD11029,Mesh Wrap Black,0.93,1dz/48dz,,658302110295,MISCELLANEOUS,15,WRAPS AND BANDS,7,2
1BRD22011,Soft Mesh Wrap Black,1.07,1dz/48dz,,658302220116,MISCELLANEOUS,15,WRAPS AND BANDS,7,3
1BRD22024,Extra Firm Mesh Wrap Black,1.07,1dz/24dz,,658302220246,MISCELLANEOUS,15,WRAPS AND BANDS,7,4
1BRD22211,Satin Wrap Cap Black,1.07,1dz/24dz,,658302222110,MISCELLANEOUS,15,WRAPS AND BANDS,7,5
1BRD22210,Satin Wrap Cap Asst,1.07,1dz/24dz,,658302222103,MISCELLANEOUS,15,WRAPS AND BANDS,7,6
1BRD22017,Deluxe Foam Mesh Wrap Asst,1.56,1dz/24dz,,658302220185,MISCELLANEOUS,15,WRAPS AND BANDS,7,7
1BRD22018,Deluxe Foam Mesh Wrap Black,1.56,1dz/24dz,,658302220178,MISCELLANEOUS,15,WRAPS AND BANDS,7,8
1BRD33012,Spandex Turban Black,1.65,1dz/24dz,,658302330129,MISCELLANEOUS,15,"TURBANS, BLOSSOM CAP AND BAND",8,1
1BRD22136,Dreadlock Stocking Cap Black,1.07,1dz/24dz,,658302221366,MISCELLANEOUS,15,DREADLOCK CAPS,9,1
1BRD22138,Dreadlock Stocking Cap Jumbo Black,1.60,1dz/24dz,,658302221380,MISCELLANEOUS,15,DREADLOCK CAPS,9,2
1BRD22142,Spandex Dreadlock Cap Black,2.31,1dz/24dz,,658302221427,MISCELLANEOUS,15,DREADLOCK CAPS,9,3
1BRD22144,Spandex Dreadlock Cap Jumbo Black,2.67,1dz/24dz,,658302221441,MISCELLANEOUS,15,DREADLOCK CAPS,9,4
1BRD11001,Satin Wrap Asst,1.39,1dz/24dz,,658302110011,MISCELLANEOUS,15,"DU-RAGS, HEADWRAPS, SCARVES AND TRIANGLES",10,1
1BRD11002,Satin Wrap Black,1.39,1dz/24dz,,658302110028,MISCELLANEOUS,15,"DU-RAGS, HEADWRAPS, SCARVES AND TRIANGLES",10,2
1BRD11011,Satin Scarf Asst,1.17,1dz/24dz,,658302110110,MISCELLANEOUS,15,"DU-RAGS, HEADWRAPS, SCARVES AND TRIANGLES",10,3
1BRD11066,Satin Scarf Black,1.17,1dz/24dz,,658302110660,MISCELLANEOUS,15,"DU-RAGS, HEADWRAPS, SCARVES AND TRIANGLES",10,4
1BRD26316-6,Comfort Edge Silky Satin Bonnet / Jumbo Asst,4.00,6pcs/12dz,,658302263168,MISCELLANEOUS,15,,11,1
1BRD26317-6,Comfort Edge Silky Satin Bonnet / Jumbo Midnight,4.00,6pcs/12dz,,658302263175,MISCELLANEOUS,15,,11,2
1BRD26318-6,Comfort Edge Silky Satin Bonnet / Braid Asst,4.00,6pcs/12dz,,658302263182,MISCELLANEOUS,15,,11,3
1BRD26319-6,Comfort Edge Silky Satin Bonnet / Braid Black,4.00,6pcs/12dz,,658302263199,MISCELLANEOUS,15,,11,4
1BRD26322-6,Stylish Edge Silky Satin Bonnet / Jumbo Asst,4.27,6pcs/12dz,,658302263229,MISCELLANEOUS,15,,11,5
1BRD26346-6,Adjustable Tie Satin Bonnet / L-XL Asst,3.73,6pcs/12dz,,658302263465,MISCELLANEOUS,15,,11,6
1BRD11009,Satin Sleep Cap Large Asst,1.16,1dz/24dz,,658302110097,MISCELLANEOUS,15,SLEEP CAPS AND PILLOW COVERS,12,1
1BRD11010,Satin Sleep Cap Large Black,1.16,1dz/24dz,,658302110103,MISCELLANEOUS,15,SLEEP CAPS AND PILLOW COVERS,12,2
1BRD11020,Satin Sleep Cap X-Large Asst,1.20,1dz/24dz,,658302110202,MISCELLANEOUS,15,SLEEP CAPS AND PILLOW COVERS,12,3
1BRD11021,Satin Sleep Cap X-Large Black,1.20,1dz/24dz,,658302110219,MISCELLANEOUS,15,SLEEP CAPS AND PILLOW COVERS,12,4
1BRD22241,Satin Sleep Cap Super Jumbo Asst,1.67,1dz/24dz,,658302222417,MISCELLANEOUS,15,SLEEP CAPS AND PILLOW COVERS,12,5
1BRD22242,Satin Sleep Cap Super Jumbo Black,1.67,1dz/24dz,,658302222424,MISCELLANEOUS,15,SLEEP CAPS AND PILLOW COVERS,12,6
1BRD22016,Satin Bonnet & Sleep Cap Black,1.82,1dz/24dz,,658302220161,MISCELLANEOUS,15,SLEEP CAPS AND PILLOW COVERS,12,7
1BRD22070,Day & Night Cap Black,2.13,1dz/24dz,,658302220703,MISCELLANEOUS,15,DAY AND NIGHT CAPS AND BONNETS,13,1
1BRD23203-6,Wide Edge Satin Bonnet Asst,2.13,6pcs/24dz,,658302232034,MISCELLANEOUS,15,DAY AND NIGHT CAPS AND BONNETS,13,2
1BRD23204-6,Wide Edge Satin Bonnet Black,2.13,6pcs/24dz,,658302232041,MISCELLANEOUS,15,DAY AND NIGHT CAPS AND BONNETS,13,3
1BRD23201-6,Wide Edge Satin Bonnet Super Jumbo Asst,1.50,6pcs/12dz,,658302232010,MISCELLANEOUS,15,DAY AND NIGHT CAPS AND BONNETS,13,4
1BRD23202-6,Wide Edge Satin Bonnet Super Jumbo Black,1.50,6pcs/12dz,,658302232027,MISCELLANEOUS,15,DAY AND NIGHT CAPS AND BONNETS,13,5
1BRD23181,Dazzling Bonnet Large Asst,2.67,6pcs/24dz,,658302231815,MISCELLANEOUS,15,DAY AND NIGHT CAPS AND BONNETS,13,6
1BRD23182,Dazzling Bonnet Super Jumbo Asst,4.53,6pcs/12dz,,658302231822,MISCELLANEOUS,15,DAY AND NIGHT CAPS AND BONNETS,13,7
1BRD22255,Satin Padded Bonnet Asst,2.50,1dz/12dz,,658302222554,MISCELLANEOUS,15,DAY AND NIGHT CAPS AND BONNETS,13,8
1BRD22256,Satin Padded Bonnet Black,2.50,1dz/12dz,,658302222561,MISCELLANEOUS,15,DAY AND NIGHT CAPS AND BONNETS,13,9
1BRD11018,Satin Bonnet X-Large Asst,1.20,1dz/24dz,,658302110189,MISCELLANEOUS,15,DAY AND NIGHT CAPS AND BONNETS,13,10
1BRD11019,Satin Bonnet X-Large Black,1.20,1dz/24dz,,658302110196,MISCELLANEOUS,15,DAY AND NIGHT CAPS AND BONNETS,13,11
1BRD11007,Satin Bonnet Large Asst,1.16,1dz/24dz,,658302110073,MISCELLANEOUS,15,DAY AND NIGHT CAPS AND BONNETS,13,12
1BRD11008,Satin Bonnet Large Black,1.16,1dz/24dz,,658302110080,MISCELLANEOUS,15,DAY AND NIGHT CAPS AND BONNETS,13,13
1BRD11097,Satin Braid & Adjustable Bonnet 2 in 1 Asst,1.60,1dz/24dz,,658302110974,MISCELLANEOUS,15,DAY AND NIGHT CAPS AND BONNETS,13,14
1BRD11098,Satin Braid & Adjustable Bonnet 2 in 1 Black,1.60,1dz/24dz,,658302110981,MISCELLANEOUS,15,DAY AND NIGHT CAPS AND BONNETS,13,15
1BRD22063,Satin Braid Bonnet Asst,1.39,1dz/24dz,,658302220635,MISCELLANEOUS,15,DAY AND NIGHT CAPS AND BONNETS,13,16
1BRD22064,Satin Braid Bonnet Black,1.39,1dz/24dz,,658302220642,MISCELLANEOUS,15,DAY AND NIGHT CAPS AND BONNETS,13,17
1BRD11017,Rain Bonnet Clear Asst,0.53,1dz/24dz,,658302110172,MISCELLANEOUS,15,DAY AND NIGHT CAPS AND BONNETS,13,18
1BRD11065,Handmade Knotted Wrap Asst,2.13,1dz/12dz,,658302110653,MISCELLANEOUS,15,KNOTTED WRAPS AND FASHION SCARVES,14,1
1BRD11046,Handmade Knotted Wrap Black,2.13,1dz/12dz,,658302110462,MISCELLANEOUS,15,KNOTTED WRAPS AND FASHION SCARVES,14,2
1BRD22163,Shower Cap Super Jumbo Asst,1.60,1dz/12dz,,658302221632,MISCELLANEOUS,15,SHOWER AND PROCESSING CAPS,15,1
1BRD22164,Shower Cap Super Jumbo Black,1.60,1dz/12dz,,658302221649,MISCELLANEOUS,15,SHOWER AND PROCESSING CAPS,15,2
1BRD22168,Braid Shower Cap Black,2.39,1dz/12dz,,658302221687,MISCELLANEOUS,15,SHOWER AND PROCESSING CAPS,15,3
1BRD26358,Comfort Fit Shower Cap / Large Asst,1.11,6pcs/12dz,,658302263588,MISCELLANEOUS,15,SHOWER AND PROCESSING CAPS,15,4
1BRD26359,Comfort Fit Shower Cap / Large Black,1.11,6pcs/12dz,,658302263595,MISCELLANEOUS,15,SHOWER AND PROCESSING CAPS,15,5
1BRD26360,Comfort Fit Shower Cap / X-Large Asst,1.11,6pcs/12dz,,658302263601,MISCELLANEOUS,15,SHOWER AND PROCESSING CAPS,15,6
1BRD26361,Comfort Fit Shower Cap / X-Large Black,1.11,6pcs/12dz,,658302263618,MISCELLANEOUS,15,SHOWER AND PROCESSING CAPS,15,7
1BRD22025,Double Sided Shower Cap Asst,2.23,1dz/12dz,,658302220253,MISCELLANEOUS,15,SHOWER AND PROCESSING CAPS,15,8
1BRD22026,Double Sided Shower Cap Black,2.23,1dz/12dz,,658302220260,MISCELLANEOUS,15,SHOWER AND PROCESSING CAPS,15,9
1BRD11035,Cholesterol Processing Cap Gold,1.00,1dz/24dz,,658302110356,MISCELLANEOUS,15,SHOWER AND PROCESSING CAPS,15,10
1BRD11202,Kids Satin Bonnet Asst,1.07,1dz/24dz,,658302112022,MISCELLANEOUS,15,KID’S CAPS,16,1
1BRD11231,Kids Comfort Band Bonnet Asst,1.07,1dz/24dz,,658302112312,MISCELLANEOUS,15,KID’S CAPS,16,2
1BRD11232,Kids Comfort Band Bonnet Black,1.07,1dz/24dz,,658302112329,MISCELLANEOUS,15,KID’S CAPS,16,3
1BRD11203,Kids Shower Cap Asst,1.07,1dz/24dz,,658302112039,MISCELLANEOUS,15,KID’S CAPS,16,4
1BRD22034,Kids Mesh Wrap Asst,0.93,1dz/24dz,,658302220345,MISCELLANEOUS,15,KID’S CAPS,16,5
1BRD22033,Kids Mesh Wrap Black,0.93,1dz/24dz,,658302220338,MISCELLANEOUS,15,KID’S CAPS,16,6
1BRD27001-6,Kids Comfort Fit Satin Bonnet Asst,2.67,6pcs/12dz,,658302270012,MISCELLANEOUS,15,GLAM COLLECTION KID’S CAPS,17,1
1BRD27002-6,Kids Comfort Fit Satin Bonnet Black,2.67,6pcs/12dz,,658302270029,MISCELLANEOUS,15,GLAM COLLECTION KID’S CAPS,17,2
1BRD11160,Kids Stocking Wave Cap Black,0.45,1dz/48dz,,658302111605,MISCELLANEOUS,15,KID’S CAPS,16,7
1BRD11204,Kids Satin Du-rag Asst,0.71,1dz/48dz,,658302112046,MISCELLANEOUS,15,KID’S CAPS,16,8
1BRD11206,Kids Satin Du-rag Black,0.55,1dz/48dz,,658302112060,MISCELLANEOUS,15,KID’S CAPS,16,9
1BRD11421-6,Satin Lined Turban Du-rag Black,3.50,6pcs/12dz,,658302114217,MISCELLANEOUS,15,TURBAN DU-RAG,18,1
1BRD11422-6,Satin Lined Turban Du-rag Navy,3.50,6pcs/12dz,,658302114224,MISCELLANEOUS,15,TURBAN DU-RAG,18,2
1BRD11423-6,Satin Lined Turban Du-rag Grey,3.50,6pcs/12dz,,658302114231,MISCELLANEOUS,15,TURBAN DU-RAG,18,3
1BRD11424-6,Satin Lined Turban Du-rag Red,3.50,6pcs/12dz,,658302114248,MISCELLANEOUS,15,TURBAN DU-RAG,18,4
1BRD11425-6,Satin Lined Turban Du-rag Olive,3.73,6pcs/12dz,,658302114255,MISCELLANEOUS,15,TURBAN DU-RAG,18,5
1BRD11426-6,Satin Lined Turban Du-rag Camouflage,3.73,6pcs/12dz,,658302114262,MISCELLANEOUS,15,TURBAN DU-RAG,18,6
1BRD11431-6,Tassled Satin Lined Turban Du-rag,4.50,6pcs/12dz,,658302114316,MISCELLANEOUS,15,TURBAN DU-RAG,18,7
1BRD11428-6,Tassled Satin Lined Turban Du-rag Black,4.50,6pcs/12dz,,658302114286,MISCELLANEOUS,15,TURBAN DU-RAG,18,8
1BRD11429-6,Tassled Satin Lined Turban Du-rag White,4.50,6pcs/12dz,,658302114293,MISCELLANEOUS,15,TURBAN DU-RAG,18,9
1BRD11430-6,Tassled Satin Lined Turban Du-rag Grey,4.50,6pcs/12dz,,658302114309,MISCELLANEOUS,15,TURBAN DU-RAG,18,10
1BRD11501-6,Velvet Du-rag Black,3.00,6pcs/12dz,,658302115016,MISCELLANEOUS,15,VELVET DU-RAG,19,1
1BRD11502BG-6,Velvet Du-rag Burgandy,3.00,6pcs/12dz,,658302115047,MISCELLANEOUS,15,VELVET DU-RAG,19,2
1BRD11502PP-6,Velvet Du-rag Purple,3.00,6pcs/12dz,,658302115054,MISCELLANEOUS,15,VELVET DU-RAG,19,3
1BRD11501RB-6,Velvet Du-rag Royal Blue,3.00,6pcs/12dz,,658302115061,MISCELLANEOUS,15,VELVET DU-RAG,19,4
1BRD11503GR-6,Velvet Du-rag Grey,3.00,6pcs/12dz,,658302115078,MISCELLANEOUS,15,VELVET DU-RAG,19,5
1BRD11105,Stocking Wave Cap Asst,0.45,1dz/48dz,,658302111056,MISCELLANEOUS,15,STOCKING WAVE AND SPANDEX CAPS,20,1
1BRD11106,Stocking Wave Cap Black,0.45,1dz/48dz,,658302111063,MISCELLANEOUS,15,STOCKING WAVE AND SPANDEX CAPS,20,2
1BRD11180,Cool Stocking Wave Cap Black,0.50,1dz/48dz,,658302111803,MISCELLANEOUS,15,STOCKING WAVE AND SPANDEX CAPS,20,3
1BRD11175,Tie-Down Stocking Cap Asst,0.80,1dz/48dz,,658302111759,MISCELLANEOUS,15,STOCKING WAVE AND SPANDEX CAPS,20,4
1BRD11176,Tie-Down Stocking Cap Black,0.80,1dz/48dz,,658302111766,MISCELLANEOUS,15,STOCKING WAVE AND SPANDEX CAPS,20,5
1BRD11166,Real Fit Spandex Cap Asst,1.07,1dz/48dz,,658302111667,MISCELLANEOUS,15,STOCKING WAVE AND SPANDEX CAPS,20,6
1BRD11167,Real Fit Spandex Cap Black,1.07,1dz/48dz,,658302111674,MISCELLANEOUS,15,STOCKING WAVE AND SPANDEX CAPS,20,7
1BRD11161,Spandex Dome Cap Asst,1.20,1dz/48dz,,658302111612,MISCELLANEOUS,15,STOCKING WAVE AND SPANDEX CAPS,20,8
1BRD11162,Spandex Dome Cap Black,1.20,1dz/48dz,,658302111629,MISCELLANEOUS,15,STOCKING WAVE AND SPANDEX CAPS,20,9
22152,Cotton Spandex Dreadlock Cap Open Back Black,,1dz/24dz,,658302221526,MISCELLANEOUS,15,STOCKING WAVE AND SPANDEX CAPS,20,10
1BRD22145,Spandex Dreadlock Cap Super Jumbo Asst,2.93,1dz/24dz,,658302221458,MISCELLANEOUS,15,STOCKING WAVE AND SPANDEX CAPS,20,11
1BRD22146,Spandex Dreadlock Cap Super Jumbo Black,2.93,1dz/24dz,,658302221465,MISCELLANEOUS,15,STOCKING WAVE AND SPANDEX CAPS,20,12
1BRD22148,Spandex Dreadlock Cap Open Back Black,,1dz/24dz,,658302221489,MISCELLANEOUS,15,STOCKING WAVE AND SPANDEX CAPS,20,13
1BRD11101,Satin Du-rag Asst,0.59,1dz/48dz,,658302111018,MISCELLANEOUS,15,"SATIN, MESH AND FASHION DU-RAGS",21,1
1BRD22811,Small Seamless Ponytail Holders - 8pcs,0.80,1dz/36dz,,658302228112,MISCELLANEOUS,15,,22,1
1BRD13,Medium Seamless Ponytail Holders - 6pcs Black,,1dz/36dz,,658302228136,MISCELLANEOUS,15,,22,2
2002,Ponytail Holders - 14pcs Black,,1dz/36dz,,658302020020,MISCELLANEOUS,15,,22,3
