sku,name,upc,item_order,brand,brand_abbrev,brand_order,unit_price,qty_display
CH110612,Rinse Out Leave In Deep Conditioner,'034285106126,22,Africa's Best,ABE,1,2.35,355ml
CH122812,Originals Olive Oil Moisturizing Growth Lotion,'034285228125,30,Africa's Best,ABE,1,3.09,12oz
CH124601-6,S Organics Olive Oil Conditioning Relaxer System Regular,'034285246013,8,Africa's Best,ABE,1,6.99,471g
CH124701-6,Organics Olive Oil Conditioning Relaxer System No-Lye Super Value Pack,'034285247010,4,Africa's Best,ABE,1,6.99,
CH124906,Organics Originals Olive Oil Leave-In Conditioner,'034285249069,20,Africa's Best,ABE,1,2.79,6oz
CH125012,"Organics Olive Oil Shampoo, For All Hair Types",'034285250126,10,Africa's Best,ABE,1,3.47,12oz
CH110212,Braid Sheen Spray With Conditioner,'034285500122,12,Africa's Best,ABE,1,2.90,12oz
CH111508,Ultimate Herbal Oil,'034285504120,42,Africa's Best,ABE,1,2.99,12oz
CH111012,"Instant Oil Moisturizer, Green",'034285508128,40,Africa's Best,ABE,1,2.11,12oz
CH110412,Instant Detangling Conditioner,'034285521127,18,Africa's Best,ABE,1,2.19,12oz
CH111201,"Relaxer System, No Lye, Herbal Intensive, Dual Conditioning, Regular",'034285530006,7,Africa's Best,ABE,1,4.09,299g
CH111301,"No Lye Relaxer System, Dual Conditioning, Super, Herbal Intensive",'034285531003,3,Africa's Best,ABE,1,4.09,
CH120208,Organics Carrot Oil Cream,'034285535087,41,Africa's Best,ABE,1,2.69,7.5oz
CH120604,Hair Therapy Organics Fertilizer,'034285536046,33,Africa's Best,ABE,1,2.99,
CH120306,Originals Organics Carrot Tea Tree Oil Therapy,'034285537067,31,Africa's Best,ABE,1,2.76,6oz
CH120804,Organics Herbal Tea Tree Gro,'034285538040,27,Africa's Best,ABE,1,2.79,4oz
CH121501,Originals Olive Oil Conditioning Relaxer System [Regular],'034285540005,5,Africa's Best,ABE,1,5.25,
CH121601,Originals Olive Oil Conditioning Relaxer System Super,'034285541002,6,Africa's Best,ABE,1,5.25,488g
CH121206,Originals Olive & Clove Oil Therapy,'034285543068,29,Africa's Best,ABE,1,2.95,170g
CH121006,Originals Liquid Hair Mayonnaise Leave-In Conditioner,'034285545062,21,Africa's Best,ABE,1,2.79,6oz
CH155212,Ultimate Originals Cocoa & Shea Butter Body Lotion,'034285557164,46,Africa's Best,ABE,1,3.95,12oz
CH151004,Kids Originals Soft Hold Styling Pomade,'034285566043,44,Africa's Best,ABE,1,3.09,4oz
CH110812B,Shampoo Moisturizer W/cond,'10812,11,Africa's Best,ABE,1,,
CH155112,Moist Body Gloss,'034285559083,47,Africa's Best,ABE,1,3.47,12oz
CH15590424-6,Ultimate Originals Therapy Stimulating Growth Oil,'034285559045,37,Africa's Best,ABE,1,3.09,4oz (8/24/cs)
CH15600424-6,Ultimate Originals Therapy Jamaican Black Castor Stimulating Growth Oil,'034285560041,36,Africa's Best,ABE,1,2.99,4oz (8/24/cs)
CH15550424-6,Ultimate Organic Therapy Coconut Oil Stimulating Growth,'034285555047,35,Africa's Best,ABE,1,3.09,4oz (8/24/cs)
CH15560424-6,Ultimate Originals Therapy Stimulating Growth Oil,'034285556044,38,Africa's Best,ABE,1,3.09,4oz (8/24/cs)
CH15570424-6,Originals Ultimate X-virgin Olive Oil Stimulate Growth,'034285557041,32,Africa's Best,ABE,1,3.09,4oz (8/24/cs)
CH111405,Super Gro Hair & Scalp Conditioner,'034285502058,15,Africa's Best,ABE,1,2.99,5.25oz (12/cs)
CH112006,Triple Repair Oil Moisturizer Miracle Cream,'034285120061,34,Africa's Best,ABE,1,2.22,6oz (12/cs)
CH110305,Castor Oil Hair Scalp Conditioner,'034285523053,13,Africa's Best,ABE,1,2.22,5.25oz (12/cs)
CH110705,Super Gro Hair & Scalp Conditioner Maximum Strength,'034285502041,16,Africa's Best,ABE,1,2.99,5.25oz (12/cs)
CH110505,Herbal Super Gro Hair & Scalp Conditioner,'034285506049,17,Africa's Best,ABE,1,2.99,5.25oz (12/cs)
CH120415,Cholesterol Tea Tree Oil Conditioner,'034285541156,14,Africa's Best,ABE,1,3.55,15oz (25/cs)
CH120715,Organics Hair Mayonnaise,'034285534165,28,Africa's Best,ABE,1,3.69,15oz (12/cs)
CH125608,Originals Olive Oil Foam Wrap Lotion,'034285256081,39,Africa's Best,ABE,1,4.19,8.5oz (12/cs)
CH155412,Ultimate Originals Olive Oil Moisturizing Body Lotion,'034285554125,43,Africa's Best,ABE,1,3.66,16oz (12/cs)
CH150801,Kids Originals Olive Oil Natural Conditioning Relaxer System Regular,'034285561000,2,Africa's Best,ABE,1,5.25,(12/cs)
CH150701,Kids Organics By Organic Conditioning Relaxer System 2 App Kit,'034285562007,1,Africa's Best,ABE,1,4.69,(12/cs)
CH151112,Kids Organics Ultimate Moisture Shea Butter Conditioning Shampoo,'034285569129,9,Africa's Best,ABE,1,2.74,12oz (12/cs)
CH150902,Kids Organics Shea Butter Moisturizing Hair Lotion,'034285567125,45,Africa's Best,ABE,1,3.39,12oz (12/cs)
CH152708,Kids Originals Protein Plus Growth Oil Remedy,'034285527082,26,Africa's Best,ABE,1,2.80,8oz
CH152612,Kids Originals 2-N-1 Natural Conditioning Detangler,'034285526122,25,Africa's Best,ABE,1,3.39,12oz (12/cs)
CH150415,Kids Originals Hair Nutrition Protein Enriched Conditioner,'034285565152,19,Africa's Best,ABE,1,3.17,15oz (12/cs)
CH150307,Kids Organics Protein & Vitamin Fortified Healthy Hair & Scalp Remedy,'034285564070,23,Africa's Best,ABE,1,3.17,7.5oz (12/cs)
CH150207,Kids Originals By Gro Strong Triple Action Growth Stimulating Therapy,'034285570088,24,Africa's Best,ABE,1,3.54,8oz (12/cs)
UB3404,Designing Spritz Firm Hold,'746817215854,9,African Essence,AES,2,1.85,4oz (12/cs)
UB3604,Lite Hold Spritz #29 Disc,'746817215892,10,African Essence,AES,2,1.23,12oz
UB2512B,Control Wig Shampoo,'746817291247,1,African Essence,AES,2,,410g
UB3504,Designing Spritz Extreme Hold,'746817215847,8,African Essence,AES,2,1.85,4oz (12/cs)
UB1404,Weave Spray 6 In 1,'746817154047,12,African Essence,AES,2,2.85,4oz (12/cs)
UB1412,Weave 6 In 1 Spray,'746817152111,11,African Essence,AES,2,3.69,12oz (12/cs)
UB8109,Neutralizing Shampoo Plus,'746817681093,2,African Essence,AES,2,1.44,8oz (12/cs)
UB1207,Control Wig Spray 3 In 1,'746817312041,6,African Essence,AES,2,2.19,4oz (12/cs)
UB1312,Control Wig Spray 3 In 1 Formula For Human & Synthetic Hair,'746817312089,7,African Essence,AES,2,3.10,12oz (12/cs)
UB2512,Wig Shampoo,'046817291248,3,African Essence,AES,2,3.29,12oz (12/cs)
UB1012,Braid Sheen Spray,'746817152036,5,African Essence,AES,2,2.99,12oz (12/cs)
UB1204,Wrap Set Lotion,'746817423099,4,African Essence,AES,2,1.39,4oz (12/cs)
AP41005,Olive Miracle Regular Deep Conditioning Anti-Breakage No-Lye Relaxer Kit Box,'802535410053,3,African Pride,APR,3,4.69,(12/cs)
AP27426-6,Moisture Miracle Honey & Coconut Oil Nourish & Shine Shampoo,'802535118294,10,African Pride,APR,3,4.09,498g
AP27425-6,Moisture Miracle Honey Chocolate & Coconut Oil Repair & Replenish Conditioner,'802535366510,16,African Pride,APR,3,4.09,
AP25007-6,Black Castor Miracle Heat Protectant Spray,'802535487048,39,African Pride,APR,3,3.86,4oz
AP24965,Moisture Miracle Aloe & Coconut Water Maximum Hold Edge Styling Wax,'802535488045,28,African Pride,APR,3,,
AP41105,Olive Miracle Anti Breakage Deep Conditioning No Lye Relaxer Hair Kit Super,'802535411050,1,African Pride,APR,3,4.69,(12/cs)
AP46600,Olive Miracle Curls & Coils Texturizer Kit,'802535466005,2,African Pride,APR,3,4.99,
AP40001,Olive Miracle Deep Conditioning Relaxer Kit Regular 1Touch Up,'802535400016,6,African Pride,APR,3,2.49,226g (12/cs)
AP40101,Olive Miracle Super Deep Conditioning No-Lye Relaxer Kit,'802535401013,5,African Pride,APR,3,2.49,(12/cs)
AP40008-4,Olive Miracle Deep Conditioning No-Lye Relaxer – Regular Kit,'802535400047,4,African Pride,APR,3,8.59,(4/cs)
AP40108-4,Olive Miracle 8 Touch-Up Relaxer Kit Super,'802535401082,7,African Pride,APR,3,8.59,180g
AP44308,Olive Miracle Maximum Strengthening Growth Oil,'802535443082,25,African Pride,APR,3,3.68,8oz (12/cs)
AP44112,Olive Miracle Leave In Conditioner,'802535441125,17,African Pride,APR,3,3.68,12oz (12/cs)
AP44012,"Olive Miracle Shampoo & Conditioner, 2 In 1, Anti Breakage Formula",'802535440128,11,African Pride,APR,3,3.70,
AP43508,Olive Miracle Magical Growth Sheen Spray,'802535435087,24,African Pride,APR,3,3.80,8oz (12/cs)
AP43903,Olive Miracle Silky Smooth Edges Hair Gel,'802535439030,31,African Pride,APR,3,2.51,2.5oz (12/cs)
AP44212,Olive Miracle Moisturizer Lotion-Max #32B,'802535442160,44,African Pride,APR,3,3.68,12oz (12/cs)
AP43812,Olive Miracle Braid Sheen Spray,'802535438125,41,African Pride,APR,3,4.23,12oz (12/cs)
AP43415,Olive Miracle Leave-In Conditioner,'802535434127,18,African Pride,APR,3,3.68,15oz (12/cs)
AP45401-8,Olive Miracle Deep Conditioning Treatment,'802535454019,23,African Pride,APR,3,0.84,1.5oz
AP277465-6,Olive Miracle Moisture Restore Curl Refresher,'802535277465,37,African Pride,APR,3,3.99,12oz (12/cs)
AP955578-6,Olive Miracle Non-Flaking Foam Setting Mousse,'802535955578,33,African Pride,APR,3,4.25,8.5oz (12/cs)
AP683006-6,Olive Miracle Heat Protection & Shine Mist,'802535683006,42,African Pride,APR,3,3.99,4oz (12/cs)
AP43712,Braid Sheen Spray Extra Shine,'802535437128,38,African Pride,APR,3,4.23,12oz (12/cs)
AP23540-6,Moisture Miracle Coconut & Baobab Oil Leave In Cream,'802535157156,15,African Pride,APR,3,4.09,15oz (8/cs)
AP23544-6,"Moisture Miracle Castor, Grapeseed, Argan, Coconut & Olive 5 Essential Oils",'802535161047,47,African Pride,APR,3,4.09,4oz (6/cs)
AP23537-6,Moisture Miracle Aloe & Coconut Water Pre-Shampoo,'802535154124,9,African Pride,APR,3,4.09,12oz (6/cs)
AP23573-6,Moisture Coconut Milk & Honey Leave In Conditioner Spray,'802535160088,14,African Pride,APR,3,4.09,8oz (6/cs)
AP23543-6,Moisture Miracle Moroccan Clay Detox Heat Activated Masque,'802535158122,22,African Pride,APR,3,4.09,12oz (6/cs)
AP23541-6,Moisture Miracle Shea Butter And Flaxseed Oil Curling Cream,'802535159129,36,African Pride,APR,3,4.09,12oz (6/cs)
AP27737-6,Moisture Miracle Aloe & Coconut Water Hydrate & Hold Curl Defining Gel,'802535442467,29,African Pride,APR,3,3.84,18oz (8/cs)
AP24967-6,Moisture Miracle Flaxseed Oil & Shea Butter Curl Defining Gel N' Cream,'802535489042,30,African Pride,APR,3,4.09,6oz (6/cs)
AP24966-6,Moisture Miracle Rose Water & Argan Oil Soft & Smooth Curl Mousse,'802535531321,32,African Pride,APR,3,4.19,8.5oz (6/cs)
AP29985-6,Moisture Miracle Aloe & Coconut Water Hydrate & Renew Curl Milk Detangler,'802535625617,21,African Pride,APR,3,3.84,12oz (8/cs)
AP25008-6,Black Castor Miracle Hair & Scalp Sealing Oil,'802535710504,34,African Pride,APR,3,3.86,6oz (6/cs)
AP25012-6,Black Castor Miracle Extra Hold Braid Loc & Twist Gel,'802535100480,26,African Pride,APR,3,3.86,8oz (6/cs)
AP25005,Black Castor Miracle Hold & Cover Edges,'802535777774,45,African Pride,APR,3,3.86,95g (12/cs)
AP25011-8,Black Castor Miracle Moisture Restore Treatment,'802535150515,19,African Pride,APR,3,1.49,2oz
AP48208,Dream Kids Olive Miracle Instant Moist. Detangler #19,'802535482098,20,African Pride,APR,3,2.86,8oz (12/cs)
AP47915,Dream Kids Olive Miracle Leave-In Conditioner,'802535479173,13,African Pride,APR,3,2.86,15oz (12/cs)
AP47412,Dream Kids Olive Miracle Shampoo,'802535474130,8,African Pride,APR,3,2.86,12oz (12/cs)
AP47512,Dream Kids Olive Miracle Conditioner,'802535475137,12,African Pride,APR,3,2.86,12oz (12/cs)
AP47312,Dream Kids Olive Miracle Soothing Braid Spray,'802535473133,40,African Pride,APR,3,2.86,12oz (12/cs)
AP47208,Dream Kids Olive Miracle Oil Moisturizer,'802535472099,35,African Pride,APR,3,2.86,8oz (12/cs)
AP47706,Dream Kids Olive Miracle Smooth Edges Anti Frizzy Conditioning Gel,'802535477070,27,African Pride,APR,3,2.86,(12/cs)
AP47606,Dream Kids Olive Miracle Cream Hair Strengthener,'802535476073,43,African Pride,APR,3,2.86,6oz (12/cs)
AP47815,Dream Kids Quick Bounce Pudding Olive Miracle,'802535478152,46,African Pride,APR,3,2.86,15oz (12/cs)
BB710,Brx Braid & Extension Sheen Spray,'032023071019,3,African Royale,ARO,4,4.97,12oz (12/cs)
BB700,Super Growth Regular,'032023070012,1,African Royale,ARO,4,4.74,
BB704,Hot Six Oil,'032023070418,2,African Royale,ARO,4,5.89,8oz (12/cs)
HS0017,Braid Gel Extreme Hold,'850004837214,1,AllDay Locks,ALL,5,5.60,5oz (96/cs)
HS0049-3,Braid Gel Extreme Hold,'850019965025,4,AllDay Locks,ALL,5,29.29,
HS0033-3,Lock N Twist Supreme Hold,'850019965131,13,AllDay Locks,ALL,5,29.94,
HS0028,Braid Spray,'850019965452,14,AllDay Locks,ALL,5,4.57,
HS0029,Braid Oil,'850019965469,11,AllDay Locks,ALL,5,5.60,
HS0010,Classic Easy Care Curl Activator #28,'850071335002,12,AllDay Locks,ALL,5,5.39,7.7oz
HS0001,Wave Finishing Hair Lotion,'850071335026,15,AllDay Locks,ALL,5,5.60,228ml
HS0026,Braid Gel Extreme Hold,'850019965391,2,AllDay Locks,ALL,5,9.49,10oz
HS0027,Braid Gel Extreme Hold,'850019965421,3,AllDay Locks,ALL,5,11.50,15oz (36/cs)
HS0031,"Lock N Twist Locking Gel, Re-Twist Supreme Hold",'850019965605,8,AllDay Locks,ALL,5,5.95,5oz
HS0032,Lock N Twist Gel Coiffant Supreme Hold,'850019965612,7,AllDay Locks,ALL,5,9.10,10oz (48/cs)
HS0030,Lock N Twist Supreme Hold Gel,'850019965520,9,AllDay Locks,ALL,5,11.99,15oz (38/cs)
HS0021,Edge Gel Coiffant Extreme Hold,'850019965629,5,AllDay Locks,ALL,5,5.79,5oz (98/cs)
HS3718,All Day Braid Foam Control,'850004837184,10,AllDay Locks,ALL,5,6.79,8oz
HS0020,Edge Gel / Extreme Hold,'850019965445,6,AllDay Locks,ALL,5,8.86,10oz (12/cs)
AM40622-24,"Regular Hold Protein Hair Styling Gel, Moisturizing, Unisex",'077312406226,1,Ampro,AMP,6,1.25,6oz (24/cs)
AM41106,Shine 'n Jam Conditioning Gel Silk Edges With Olive Oil,'077312411060,23,Ampro,AMP,6,3.55,2oz
AM41340-6,Shine 'n Jam Setting Mousse - Extra Hold,'077312413408,37,Ampro,AMP,6,3.39,
AM41400-3,Shine 'n Jam Conditioning Gel Extra Hold,'077312414009,18,Ampro,AMP,6,25.79,193g
AM00405,Style Regular Hold Protein Styling Gel,'077312004057,8,Ampro,AMP,6,2.05,10.5oz (12/cs)
AM00415,Protein Styling Gel – Regular Hold,'077312004156,2,Ampro,AMP,6,2.95,15oz (12/cs)
AM60432-6,Styl Regular Hold Protein Styling Gel,'077312604325,3,Ampro,AMP,6,4.95,32oz (8/cs)
AM60480-6,Styl Protein Styling Gel Regular,'077312604806,5,Ampro,AMP,6,9.59,(8/cs)
AM40840-24,"Style Protein Gel, Super Hold",'077312408404,9,Ampro,AMP,6,1.25,6oz (24/cs)
AM40843,"Styling Gel, Protein, Super Hold",'077312408435,10,Ampro,AMP,6,2.05,10.5oz (12/cs)
AM40841,Styl Protein Styling Gel Super Hold,'077312408411,6,Ampro,AMP,6,2.95,15oz (12/cs)
AM40842-6,Styl Protein Styling Gel Super Hold,'077312408428,7,Ampro,AMP,6,4.95,32oz (6/cs)
AM60481-6,Styl Super Hold Protein Styling Gel,'077312604813,4,Ampro,AMP,6,9.59,5lb (6/cs)
AM40829-6,"Clear Ice Ultra Hold Styling Gel, Resistant Hair Textures",'077312408299,13,Ampro,AMP,6,1.49,8.8oz (24/cs)
AM40831-6,Clear Ice Gel Firm/Flexible Hold,'077312408312,12,Ampro,AMP,6,2.06,12.27oz
AM02004-24,Marcel Curl Wax,'077312020040,14,Ampro,AMP,6,1.75,4oz (24/cs)
AM02007,Marcel Wax,'077312020071,15,Ampro,AMP,6,4.29,12oz (12/cs)
AM41065,Pre-Creme Base For Sensitive Scalp,'077312410650,41,Ampro,AMP,6,4.11,12.5oz (12/cs)
AM40810,Honey Beez Wax Black,'077312408107,11,Ampro,AMP,6,1.99,4oz (12/cs)
AM40811,"Hair Wax, Honey Beez, Gold",'077312408114,40,Ampro,AMP,6,1.99,4oz (12/cs)
AM41116,Shine 'n Jam Silk Edges - Olive Oil,'077312411169,38,Ampro,AMP,6,7.79,2oz (12/cs)
AM41070-6,Shine N Jam Conditioning Gel Regular Hold,'077312410704,16,Ampro,AMP,6,2.89,4oz (6/cs)
AM41072-6,"Shine N Jam Conditioning Gel, With Honey Extract, Extra Hold",'077312410728,21,Ampro,AMP,6,2.89,(6/cs)
AM41073-6,Shine 'n Jam Conditioning Gel With Honey Extract - Extra Hold,'077312410735,20,Ampro,AMP,6,5.09,8oz (6/cs)
AM41103-6,Shine 'n Jam Conditioning Gel Extra Hold,'077312411039,19,Ampro,AMP,6,7.79,16oz (6/cs)
AM41105,Shine 'n Jam Conditioning Gel Shea Edges,'077312411053,22,Ampro,AMP,6,3.55,2oz (12/cs)
AM41250-6,Shine N Jam Magic Fingers For Braiders Extra Firm Hold,'077312412500,28,Ampro,AMP,6,7.96,8oz (6/cs)
AM41248-6,Shine N Jam Magic Fingers For Braiders Edge Extreme Hold,'077312412487,27,Ampro,AMP,6,4.77,4oz (6/cs)
AM41251-6,Shine 'N Jam Magic Fingers For Braiders,'077312412517,26,Ampro,AMP,6,13.89,16oz (6/cs)
AM41255-6,Shine 'n Jam Magic Fingers Setting Mousse For Braiders,'077312412555,31,Ampro,AMP,6,4.77,12oz (6/cs)
AM41260-6,Shine 'n Jam Magic Fingers Finishing Sheen For Braiders,'077312412609,29,Ampro,AMP,6,3.99,11.5oz (6/cs)
AM41252-6,Shine-n-Jam Magic Fingers Nourishing Scalp Oil,'077312412524,30,Ampro,AMP,6,11.24,4oz (6/cs)
AM41071-6,Shine 'n Jam Conditioning Gel Regular Hold,'077312410711,17,Ampro,AMP,6,5.09,8oz (12/cs)
AM41275-6,Shine 'n Jam Rainbow Edges - Cherry Apple,'077312412753,34,Ampro,AMP,6,3.85,4oz (6/cs)
AM41276-6,Shine N Jam Rainbow Edges Strawberry,'077312412760,36,Ampro,AMP,6,3.85,4oz (6/cs)
AM41280-6,Shine 'n Jam Rainbow Edges Banana Pudding,'077312412807,32,Ampro,AMP,6,3.85,4oz (6/cs)
AM41282-6,Shine N Jam Rainbow Edges Melon Slice,'077312412821,35,Ampro,AMP,6,3.85,4oz (6/cs)
AM41283-6,Shine 'n Jam Rainbow Edges Blueberry Blast,'077312412838,33,Ampro,AMP,6,3.85,4oz
AM41270-6,Shine 'n Jam Conditioning Gel - Supreme Hold,'077312412708,25,Ampro,AMP,6,6.35,8oz (6/cs)
AM41271-6,Shine 'n Jam Conditioning Gel - Supreme Hold,'077312412715,24,Ampro,AMP,6,3.79,4oz (6/cs)
AM41256-6,Shine 'n Jam Supreme Foam Wrap Mousse,'077312412562,39,Ampro,AMP,6,4.49,8oz
AM10089,Cocoa Butter Hard Formula,'077312100896,1,UltraGlow,UG,7,2.43,2.5oz (12/cs)
AM10091-6,Cocoa Butter Skin Cream,'077312100919,3,UltraGlow,UG,7,6.09,9.5oz (6/cs)
AM10020-6,Cocoa Butter Lotion with Vitamin E,'077312100209,2,UltraGlow,UG,7,4.68,32oz (6/cs)
PNA13500,Keratin Reconstructor Packette Disp,'847600110117,7,Aphogee,APH,8,1.52,0.7oz (6/cs)
PNA13517,Keratin & Green Tea Reconsturizer,,8,Aphogee,APH,8,,
PNA13410-6,Pro-Vitamin Leave-In Conditioner,'847600110230,4,Aphogee,APH,8,5.42,16oz
PNA13128,Two-Step Treatment & Balancing Moist.Twin Packette Display,'847600110377,10,Aphogee,APH,8,2.50,1oz (12/6/cs)
PNA10100-6,Deep Moisture Shampoo,,1,Aphogee,APH,8,5.25,16oz (6/cs)
PNA10085-6,Shampoo For Damaged Hair,,2,Aphogee,APH,8,5.25,16oz
PNA13400-6,Pro-Vitamin Leave-In Conditioner,'847600110148,3,Aphogee,APH,8,3.68,8oz
PNA13511-6,Keratin Reconstructor,'847600110100,6,Aphogee,APH,8,7.55,18oz
PNA13510-6,Keratin 2 Minute Reconstructor,'847600110094,5,Aphogee,APH,8,5.11,8oz (6/cs)
PNA13115-6,Two-Step Protein Treatment,'847600110186,9,Aphogee,APH,8,6.52,4oz (12/cs)
PNA13106-6,Two-step Treatment Protein For Damaged Hair,'015228131061,11,Aphogee,APH,8,18.69,16oz (8/cs)
PNA13110-6,Balancing Moisturizer,'847600110018,12,Aphogee,APH,8,3.68,8oz
PNA13111-6,Balancing Moisturizer,'847600110025,13,Aphogee,APH,8,6.25,16oz
CH169615,Defining Curl Custard,'034285696153,11,Aunt Jackie's,AJA,9,5.99,15oz (12/cs)
CH166512,Girls Heads Up Moisturizing & Softening Shampoo,034285665128,1,Aunt Jackie's,AJA,9,4.99,12oz
CH166612,Kids Knot Havin’ It Leave-in Ultimate Detangling Moisturizer,'034285666125,6,Aunt Jackie's,AJA,9,4.99,355ml
CH169715,In Control Anti-Poof Moisturizing & Softening Conditioner,'034285697150,5,Aunt Jackie's,AJA,9,5.79,15oz (12/cs)
CH169912,Oh So Clean Moisturizing & Softening Shampoo,'034285699123,2,Aunt Jackie's,AJA,9,4.95,12oz (12/cs)
CH169215,Flaxseed Don't Shrink Curling Gel,'034285692155,9,Aunt Jackie's,AJA,9,5.99,15oz (12/cs)
CH169312,Quench Moisture Intensive Leave In Conditioner,'034285693121,7,Aunt Jackie's,AJA,9,5.99,12oz (12/cs)
CH167612,Flaxseed Recipes Purify Me Moisturizing Co-Wash Cleanser,'034285676124,3,Aunt Jackie's,AJA,9,3.53,12oz (12/cs)
CH167307,Flaxseed Recipes Seal It Up Hydrating Sealing Butter,'034285673079,14,Aunt Jackie's,AJA,9,4.89,8oz (12/cs)
CH167008,Flaxseed Soft All Over Multi Purpose Oil,'034285670085,10,Aunt Jackie's,AJA,9,3.53,8oz
CH167515,Flaxseed Recipes Fix My Hair Intensive Repair Conditioning Masque,'034285675158,8,Aunt Jackie's,AJA,9,4.95,15oz (12/cs)
CH167412,"Curls & Coils, Half & Half, Hydrating Silkening Hair Milk",'034285674120,13,Aunt Jackie's,AJA,9,4.95,12oz (12/cs)
CH166815,Girls Baby Girl Curls Curling & Twisting Custard,'034285668150,12,Aunt Jackie's,AJA,9,4.99,15oz (12/cs)
CH166715,Girls Soft & Sassy Super Softening Conditioner,'034285667153,4,Aunt Jackie's,AJA,9,4.99,15oz (12/cs)
MK002B,Hair & Scalp Nourishment Blue,,5,Baby Don't Be Bald,BOB,10,,4oz (12/cs)
MK001B,Hair & Scalp Nourishment Triple Red,,7,Baby Don't Be Bald,BOB,10,,4oz (12/cs)
MK018B,Hair & Scalp Nourishment Therapeutic Cream Green,,6,Baby Don't Be Bald,BOB,10,,4oz (12/cs)
MK017,Scalp Conditioner Super Gro,'782400000308,2,Baby Don't Be Bald,BOB,10,3.97,4oz (12/cs)
MK012,Gro Strong,'782400000322,4,Baby Don't Be Bald,BOB,10,3.97,4oz (12/cs)
MK021-24,Triple Strength Thickening Shampoo,'782400000360,1,Baby Don't Be Bald,BOB,10,2.61,8oz (24/cs)
MK022-24,Triple Strength Thickening Conditioner,'782400000377,3,Baby Don't Be Bald,BOB,10,2.61,8oz (24/cs)
WG001,Hair Oil,'617218000014,1,Wild Growth,WG,11,6.25,4oz (12/cs)
WG002,Hair Oil,'617218000021,2,Wild Growth,WG,11,6.25,
UB0411-6,Daily Wash,'746817004113,1,Beard Guyz,BGU,12,5.90,8oz (6/cs)
UB0412-6,Deep Conditioner 25,'746817004120,2,Beard Guyz,BGU,12,7.99,8oz (6/cs)
UB0415-4,Balm 25 For Coarse Hair,'746817004151,3,Beard Guyz,BGU,12,7.59,3oz (4/24/cs)
CLB12D-6,Beautiful B12D Medium Ash Brown Semi Permanent Color,'338151000922,10,Clairol,CLA,13,4.29,3oz (6/cs)
CLB09W-6,Beautiful Collection Moisturizing Color,'4064666645810,21,Clairol,CLA,13,4.29,3oz (6/cs)
CLB40W-6,Beautiful Collection Hair Color 40w Amethyst . Packaging,'4064666645803,19,Clairol,CLA,13,4.29,3oz (6/cs)
CLBG049,Beautiful Collection Moisturizing Color,'4064666645865,22,Clairol,CLA,13,5.26,3oz (48/cs)
CLB15D-6,Beautiful Collection Hair Color,'4064666645735,16,Clairol,CLA,13,4.29,3oz (6/cs)
CLBG051,Beautiful Ags Coll. #4R Mahogany Red Brown,'4064666645896,43,Clairol,CLA,13,5.26,3oz (6/cs)
CLBG058,"Advanced Gray Solution Semi Permanent Hair Color, Rich Walnut 3W",'4064666645834,6,Clairol,CLA,13,5.26,3oz (6/cs)
CLB30W-6,"Beautiful Collection Hair Color, 30w 14k Gold",'070018101853,18,Clairol,CLA,13,4.29,3oz (6/cs)
CL0005RR-3,Textures & Tones Permanent Hair Color,'070018108371,35,Clairol,CLA,13,4.39,1oz (3/cs)
CLBG052,Beautiful Collection Advance Color #6G Light Golden Chestnut,'381515000526,12,Clairol,CLA,13,5.26,3oz (6/cs)
CLBG059,"Beautiful Collection Advanced Gray Solutions, 1aa Black Onyx",'4064666591483,14,Clairol,CLA,13,5.26,3oz (6/cs)
CL0002BB-3,Textures & Tones Permanent Hair Dye,'4064666594422,41,Clairol,CLA,13,4.39,
CLB08D-6,Beautiful Collection Hair Color #B08D,'4064666645681,20,Clairol,CLA,13,4.29,3oz (6/cs)
CLB11W-6,Beautiful B11W Honey Brown Semi-Permanent Hair Color,'4064666645698,9,Clairol,CLA,13,4.29,3oz (6/cs)
CLB13W-6,Beautiful Collection Hair Color,'4064666645711,17,Clairol,CLA,13,4.29,3oz (6/cs)
CLB14W-6,14W Cedar Red Brown,'4064666645728,45,Clairol,CLA,13,4.29,3oz (6/cs)
CLB175W-6,175W Wine Brown,'4064666645742,49,Clairol,CLA,13,4.29,3oz (6/cs)
CLB17W-6,17W Rosewood Brown,'4064666645759,47,Clairol,CLA,13,4.29,3oz (6/cs)
CLB18D-6,Bb Semi-Permanent Hair Color B18D Darkest Brown for Long-Lasting Vibrancy and Gray Coverage,'4064666645766,8,Clairol,CLA,13,4.29,3oz (6/cs)
CLB20D-6,Beautiful Collection Moisturizing Color,'4064666645773,23,Clairol,CLA,13,4.29,3oz (6/cs)
CLB22D-6,Beautiful Coll. #B22D Jet Black,'4064666645780,44,Clairol,CLA,13,4.29,3oz (6/cs)
CLBG057,Beauty Collection Semi-Permanent Moisturizing Color Advanced Gray Solution,'4064666645827,25,Clairol,CLA,13,5.26,
CLBG052,Beautiful Collection Advance Gray Solution,'4064666645872,13,Clairol,CLA,13,5.26,3oz (6/cs)
CLBG053,Beautiful Collection Moisturizing Color,'4064666645889,24,Clairol,CLA,13,5.26,
CLBG050,Bb Beautiful Collection Advanced Gray Solution 2A Dark Brown,'4064666645902,7,Clairol,CLA,13,5.26,3oz (6/cs)
CLB01N-6,Beautiful Collection #B01N Light Natural Blonde,'4064666645919,15,Clairol,CLA,13,4.29,3oz (6/cs)
CLBG052,Beautiful Collection Adv. Gray Solution #6N Toasted Hazelnut,'070018101976,11,Clairol,CLA,13,5.26,3oz (6/cs)
CL6424,Shimmer Lights Plex Lightener,'4064666038339,28,Clairol,CLA,13,1.74,
CL37377,Shimmer Lights Conditioner Blonde Toning,'4064666572901,5,Clairol,CLA,13,3.54,8oz
CL2535,Professional Shimmer Lights Blonde Toning Shampoo,'4064666572963,1,Clairol,CLA,13,8.99,16oz
CL3477,Professional Shimmer Lights Blonde Toning Conditioner,'4064666572994,4,Clairol,CLA,13,9.19,16oz
CL3422,Professional BW2+ Extra Strength Powder Lightener,'4064666592565,27,Clairol,CLA,13,1.91,
CLBW28,BW2+ Extra Strength Powder Lightener,'4064666814711,26,Clairol,CLA,13,6.90,8oz (12/cs)
CL1953,Shimmer Lights Shampoo - Blonde & Silver,'381519015564,2,Clairol,CLA,13,3.54,8oz (12/cs)
CL1953,Shimmer Lights - Shampoo Blonde & Silver,'4064666572956,3,Clairol,CLA,13,3.54,8oz (12/cs)
CL0001B-3,"Textures & Tones Permanent Hair Color, 1B Silken Black",'4064666594774,40,Clairol,CLA,13,4.39,8.6oz (12/cs)
CL0001N-3,"Textures & Tones Moisture Rich Color, Zero Ammonia, Permanent, Natural Black 1 N",'4064666594705,32,Clairol,CLA,13,4.39,(12/cs)
CL0002N-3,Textures & Tones Permanent Hair Color 2N Mocha Brown,'4064666594712,39,Clairol,CLA,13,4.39,8.6oz (12/cs)
CL0003N-3,Textures & Tones #3N Cocoa Brown,'4064666594699,48,Clairol,CLA,13,4.39,(12/cs)
CL0003RV-3,Textures & Tones Hair Color 3rv Plum,'070018108470,30,Clairol,CLA,13,4.39,1oz (3/cs)
CL0004C-3,Textures & Tones Permanent Hair Color,'070018108357,36,Clairol,CLA,13,4.39,(12/cs)
CL0004R-3,"Textures and Tones Hair Color, Red Hot Red",'381518900137,31,Clairol,CLA,13,4.39,256g
CL0004RV-3,Textures & Tones Permanent Hair Color,'4064666594767,37,Clairol,CLA,13,4.39,(12/cs)
CL0005G-3,Textures & Tones Text Tone Kit #,'4064666594750,42,Clairol,CLA,13,4.39,5g (3/cs)
CL0006BV-3,Textures & Tones Clairol 6BV Bronze Hair Color Kit,'381518900106,29,Clairol,CLA,13,4.39,(12/cs)
CL0006G-3,Textures & Tones Permanent Hair Color,'381518900113,33,Clairol,CLA,13,4.39,6g (3/cs)
CL0006R-3,Cl Txt/tones 6r Ruby Red,'4064666594743,46,Clairol,CLA,13,4.39,(12/cs)
CL0007G-3,Textures & Tones Permanent Hair Color,'4064666595269,34,Clairol,CLA,13,4.39,7g (3/cs)
CL0008RD-3,"3 Textures & Tones Permanent Color Hair Dyes, 8RO Sunset Copper",'4064666594729,38,Clairol,CLA,13,4.39,8.6oz (12/cs)
NCJB1-6,"Semi Permanent Hair Color, Jet Black",'033859020011,16,Bigen,BIG,14,4.09,3oz
NCNB2-6,Semi Permanent Hair Color Natural Black,'033859020035,15,Bigen,BIG,14,4.09,3oz
NCM1,EZ Color For Men Hair Dye Kit Jet Black,'033859050018,4,Bigen,BIG,14,5.19,
NCM2,EZ Hair Color Real Black Kit,'033859050025,5,Bigen,BIG,14,5.19,
NCM4,"Color For Men Dark M4, Brown",'033859050049,2,Bigen,BIG,14,5.19,159g
NC37,Permanent Powder Hair Color 37 Dark Auburn,'033859905370,8,Bigen,BIG,14,3.99,
NC45,Permanent Powder Hair Color: 45 Chocolate,'033859905455,12,Bigen,BIG,14,3.99,0.21oz
NC46,Permanent Powder Hair Color 46 [ Light Chestnut ],'033859905462,9,Bigen,BIG,14,3.99,
NC47,Permanent Powder Hair Color: 47 [ Medium Chestnut ],'033859905479,10,Bigen,BIG,14,3.99,0.21oz
NC48,Permanent Powder Hair Color: 48 [ Dark Chestnut ],'033859905486,11,Bigen,BIG,14,3.99,
NC56,Permanent Powder Hair Color #56 Rich Medium Brown -pc,'033859905561,14,Bigen,BIG,14,3.99,
NC57,Permanent Powder Hair Color 57 [ Dark Brown ],'033859905578,6,Bigen,BIG,14,3.99,
NC58,"Hair Color, Permanent Powder, Black Brown 58",'033859905585,3,Bigen,BIG,14,3.99,
NC59,Permanent Powder Hair Color - 59 Oriental Black,'033859905592,13,Bigen,BIG,14,3.99,
NC88,Permanent Powder Hair Color: 88 [ Blue Black ],'033859905882,7,Bigen,BIG,14,3.99,
NC96,Permanent Powder Hair Color 96 Deep Burgundy,'033859905967,1,Bigen,BIG,14,3.99,0.21oz
JS154,Hair Pressing Oil With Lanolin,'075610154108,18,Blue Magic,BMAG,15,2.59,5oz (12/cs)
JS153-1,Hair Food Coconut Oil And Wheat Germ Conditioner,'075610153101,9,Blue Magic,BMAG,15,2.49,12oz (12/cs)
JS165,Cholesterol Conditioning Rinse,'075610165111,15,Blue Magic,BMAG,15,2.49,14oz
JS161-2,"Conditioner, Hair & Scalp, Bergamot",'075610161106,7,Blue Magic,BMAG,15,2.49,12oz (12/cs)
JS1592,"Hair Conditioner, Coconut Oil",'075610159103,5,Blue Magic,BMAG,15,2.49,12oz (12/cs)
JS157-2,Conditioner And Hair Dress Anti-Breakage Formula,'075610157109,6,Blue Magic,BMAG,15,2.49,12oz (12/cs)
JS168,Originals Castor Oil Jar,'075610168105,17,Blue Magic,BMAG,15,2.49,12oz (12/cs)
JS167,Organics Indian Hemp Hair & Scalp Conditioner,'075610167108,12,Blue Magic,BMAG,15,2.49,12oz (12/cs)
JS166,Originals Super Sure Gro Hair & Scalp Conditioner,'075610166101,13,Blue Magic,BMAG,15,2.49,12oz (12/cs)
JS172,Tea Tree Oil Leave In Styling Conditioner,'075610172102,14,Blue Magic,BMAG,15,2.49,13.75oz (12/cs)
JS173,Olive Oil Leave-In Styling Hair Conditioner,'075610173109,11,Blue Magic,BMAG,15,2.49,12oz (12/cs)
JS174,Carrot Oil Leave In Styling Conditioner,'075610174106,4,Blue Magic,BMAG,15,2.49,12oz (12/cs)
JS180,Petroleum Jelly,'075610180107,19,Blue Magic,BMAG,15,2.49,12oz (12/cs)
JS187,Argan Oil Mango Lime Leave In Conditioner,'075610187106,2,Blue Magic,BMAG,15,2.49,13.75oz (12/cs)
JS185,Argan Oil Herbal Complex Leave In Conditioner,'075610185102,1,Blue Magic,BMAG,15,2.49,12oz (12/cs)
JS183,Argan Oil Vitamin E Leave In Conditioner,'075610183108,3,Blue Magic,BMAG,15,2.49,12oz (12/cs)
JS162,Curl Activator Gel,'075610162103,16,Blue Magic,BMAG,15,2.44,15.25oz (12/cs)
JS175,Hair Conditioner With Vitamin E Shea Butter,'075610175103,8,Blue Magic,BMAG,15,2.49,12oz (12/cs)
JS176,Olive Oil Hair Conditioner With Aloe Vera,'075610176100,10,Blue Magic,BMAG,15,2.49,12oz (12/cs)
UB2540-6,30 Lace Wig Bond Extreme Hold,'746817585407,38,Salon Pro,SPR,16,4.50,0.5oz (6/cs)
UB2555-6,30 Sec Lace Wig Bond Extreme Hold,'746817585551,44,Salon Pro,SPR,16,12.04,1.5oz (6/cs)
UB2556-6,30 Sec Chic Lace Wig Bond Premium Hold,'746817585568,40,Salon Pro,SPR,16,12.04,1.5oz (6/cs)
UB2202,Super Hair Bonding Remover Lotion,'746817073041,32,Salon Pro,SPR,16,0.65,2oz (12/cs)
UB2204,Exclusives Super Hair Bonding Remover Lotion,'746817073058,33,Salon Pro,SPR,16,1.20,4oz (12/cs)
UB2411,30 Sec Refreshing Weave Spray,'746817584110,31,Salon Pro,SPR,16,3.29,12oz (12/cs)
RA6156,Hair Fertilizer Anti-Dandruff And Conditioning Cream,'5296849392214,4,Salon Pro,SPR,16,6.99,200g
UB1861,30 Second Ultra Grip Eyelash Glue Clear,'746817818611,18,Salon Pro,SPR,16,1.65,1oz
UB1862,30 Sec Ultra Grip Eyelash Glue / Black,'746817818628,16,Salon Pro,SPR,16,1.65,
UB1863,30Sec EyeLash Glue,'746817818635,6,Salon Pro,SPR,16,3.25,
UB1864,Black 30Sec EyeLash Glue,'746817818642,7,Salon Pro,SPR,16,3.25,
UB2413,30 Sec Weave Molding Gel,'746817584134,17,Salon Pro,SPR,16,1.89,10.5oz (12/cs)
UB8635,30 Sec Moroccan Argan Oil Weave Wonder Wrap,'746817586350,20,Salon Pro,SPR,16,3.84,2oz (12/72/cs)
UB8625-6,30 Sec Moroccan Argan Oil Weave Wonder Wrap Clear,'746817586374,22,Salon Pro,SPR,16,6.81,(6/cs)
UB8636-12,30 Sec Moroccan Argan Oil Weave Wonder Wrap,'746817586367,21,Salon Pro,SPR,16,3.84,2oz (12/72/cs)
UB8629,30Sec Weave Wonder Wrap Olive Oil Itchy Scalp Track Extension Hair,'746817586299,19,Salon Pro,SPR,16,5.99,8oz (6/cs)
UB2305,Glue Residue Remover Shampoo,'746817323054,2,Salon Pro,SPR,16,1.58,4oz (24/cs)
UB6838,Braid Sheen Shine Spray [Argan Oil],'746817582086,24,Salon Pro,SPR,16,3.19,12oz (12/cs)
UB6839,Brazilian Keratin Braid Sheen Spray,'746817582116,30,Salon Pro,SPR,16,3.19,12oz (12/cs)
UB8102,Argan Oil Formula Hair Food,'746817581027,23,Salon Pro,SPR,16,1.59,4oz (12/cs)
UB8103,Carrot Oil Formula Hair Food,'746817581034,25,Salon Pro,SPR,16,1.59,4oz (12/cs)
UB8104,Hair Food - Olive Oil Formula With Aloe Vera,'746817581041,28,Salon Pro,SPR,16,1.59,4oz (6/cs)
UB8105,"Hair Food, Vitamin E Formula With Shea Butter",'746817581058,35,Salon Pro,SPR,16,1.59,4oz (6/cs)
UB8108,Black Castor Oil Formula Hair Food #75,'746817581188,26,Salon Pro,SPR,16,1.49,4oz (12/cs)
UB8113,Hair Food Beeswax With Shea Butter,'746817581195,34,Salon Pro,SPR,16,1.49,4oz
UB8111,"Hair Food, Coconut Oil With Almond & Olive Oil",'746817581201,27,Salon Pro,SPR,16,1.49,4oz (12/cs)
UB8114,Shea Butter Formula Hair Food,'746817581225,36,Salon Pro,SPR,16,1.49,4oz (12/cs)
RA7801,Hair Fertilizer Cream Tube,'6156000003801,5,Salon Pro,SPR,16,4.99,
UB2001,Hair Bonding Glue Super Bond Black,'746817073010,10,Salon Pro,SPR,16,0.59,1oz
UB2002,Hair Bonding Glue Black,'746817073027,8,Salon Pro,SPR,16,1.29,2oz
UB2004,Hair Bonding Glue Super Bond Black,'746817073034,11,Salon Pro,SPR,16,2.29,310g
UB2103,White Hair Bonding Glue White,'746817073065,9,Salon Pro,SPR,16,0.73,1oz
UB2306,Exclusives Glue Residue Remover Shampoo,'746817323061,1,Salon Pro,SPR,16,3.11,12oz
UB2404,30 Sec Super Hair Bond Remover Oil,'746817584042,29,Salon Pro,SPR,16,2.99,4oz
UB2408,30 Sec Super Hair Bond Remover,'746817584080,39,Salon Pro,SPR,16,4.52,
UB2409,30 Sec Super Hair Bond Glue,'746817584097,14,Salon Pro,SPR,16,4.21,4oz
UB2410,30 Second Glue Residue Remover Shampoo,'746817584103,3,Salon Pro,SPR,16,4.51,12oz
UB2414,Creamy Super Hair Bond Remover,'746817584141,37,Salon Pro,SPR,16,2.76,4oz
UB2415,30 Sec Super Hair Bond Glue,'746817584158,13,Salon Pro,SPR,16,2.28,54g
UB2416,30 Sec Super Hair Bond Glue,'746817584165,12,Salon Pro,SPR,16,1.29,1oz
UB2448,30 Sec. Super Hair Bond Glue Professional Speed,'746817584196,15,Salon Pro,SPR,16,6.55,8oz
UB24683-36,30 Sec Natural Eyelash Adhesive - Clear,'746817688641,41,Salon Pro,SPR,16,3.57,0.25oz
UB24693-36,30 Sec Natural Eyelash Adhesive - Dark,'746817688658,42,Salon Pro,SPR,16,3.57,0.25oz
UB24693-36,30 Sec Natural Eyelash Adhesive - Dark,'746817688658,43,Salon Pro,SPR,16,3.57,0.25oz
BH001,Extreme Cream Lace Wig Glue,'850010743011,2,Bold Hold,BHO,17,15.86,1.3oz
BH002,Active Lace Glue Adhesive,'850010743004,1,Bold Hold,BHO,17,22.99,1.9oz
SOS85601,Botanicals Texturizer Kit Coarse,'802535856011,3,Soft & Beautiful,SB,18,5.21,(12/cs)
SOS85101,No Lye Sensitive Scalp Regular Relaxer,'802535851016,5,Soft & Beautiful,SB,18,5.14,(12/cs)
SOS83101,"No Lye Creme Relaxer System, Ultimate Protection, Regular",'072982000019,4,Soft & Beautiful,SB,18,6.49,(12/cs)
SOS83201,No-Lye Ultimate Conditioning Relaxer System Super,'802535832015,6,Soft & Beautiful,SB,18,6.49,(12/cs)
SOS85201,Botanicals No-Lye Sensitive Scalp Relaxer Coarse,'072982002563,1,Soft & Beautiful,SB,18,5.14,442g
SOS85501,Botanicals Texturizer Kit Regular,'802535855014,2,Soft & Beautiful,SB,18,5.21,
BB201,Super Gro Conditioner With Aloe - Honeybush & Jojoba,'032023002013,3,Bronner Brothers,BB,19,,6oz
BB202,BB Super Gro Conditioner With Jojoba - Honey & Ginger,'032023002020,1,Bronner Brothers,BB,19,,6oz
BB204,Lavender And Lemongrass Super Gro Conditioner W/ Shea Butter,'032023002044,4,Bronner Brothers,BB,19,,
BB205,Super Gro Conditioner With Aloe,'032023002051,2,Bronner Brothers,BB,19,5.64,6oz
BB315,Sculpting Foam,'032023003157,14,Bronner Brothers,BB,19,6.05,8.5oz
BB240,Moisturizer Growth Oil,,10,Bronner Brothers,BB,19,3.54,
BB1504,Castor Oil H/s,,17,Bronner Brothers,BB,19,2.42,
BB1506,Hormone Hair Food,,22,Bronner Brothers,BB,19,,
BB1507,Pine Tar Super Growth H/s,,11,Bronner Brothers,BB,19,4.34,
BB1636,Bronner Bros Pump It Up! Gold Styling Spritz[Super Hold],'032023163615,19,Bronner Brothers,BB,19,4.35,8oz (12/cs)
BB1618,Bronner Bros Moisturizing Foam Wrapping Lotion,'032023161819,13,Bronner Brothers,BB,19,4.15,8.5oz (12/cs)
BB1514,Bronner Bros Oil Moisturizer Hair Lotion[Maximum Strength],'032023151414,16,Bronner Brothers,BB,19,3.55,12oz (12/cs)
BB1503C,Super Growth Max Blue,,9,Bronner Brothers,BB,19,4.89,6oz (12/cs)
BB416C,Super Growth Lite Red,,8,Bronner Brothers,BB,19,4.89,6oz (12/cs)
BB210C,Bronner Bros Super Gro Rich In Proteins[Double Strength],'032023021014,7,Bronner Brothers,BB,19,4.89,6oz (12/cs)
BB1629,Spritz [Pump It Up Regular],,20,Bronner Brothers,BB,19,4.19,8oz (12/cs)
BB1630,Spritz [Pump It Up Gold Super],,21,Bronner Brothers,BB,19,4.35,(12/cs)
BB302,Tropical Roots Growth Oil Spray,,12,Bronner Brothers,BB,19,4.59,(12/cs)
BB303,Tropical Roots Twist Cream [Firm],,18,Bronner Brothers,BB,19,4.35,6oz (12/cs)
BB305,Tropical Roots Leave-In Conditioner,'032023003508,6,Bronner Brothers,BB,19,4.35,8oz (12/cs)
BB305,T/Roots Rose Water Curls Leave-In Conditioner,'032023030511,5,Bronner Brothers,BB,19,4.35,(12/cs)
BB316,BB Tropical Roots Jamaican Black Castor Oil,'032023003164,15,Bronner Brothers,BB,19,5.58,5oz (12/cs)
BTLG012,Extreme Professional Braiding Gel,'636227204886,4,BTL,BTL,20,9.89,16oz (12/cs)
BTLG01,Braiding Gel - Extreme Performance,'636227204930,2,BTL,BTL,20,5.77,8oz (12/cs)
BTLG02,Professional Supreme Performance Braiding Gel Level 4,'636227204947,5,BTL,BTL,20,5.77,8oz (12/cs)
BTLG04,Braiders Hands Dry Defense Ultimate Hold Conditioning Gel,'636227205241,1,BTL,BTL,20,7.77,8oz (12/cs)
BTLG014,Braiding Gel - Supreme Performance,'636227204893,3,BTL,BTL,20,9.89,16oz (12/cs)
BTLF01,Professional Extreme Performance Foam Wrap Lotion,'636227204909,6,BTL,BTL,20,3.89,
CT00001,Shea Butter Moisturizing Cream Shampoo,'856017000010,1,Cantu,CAN,21,3.82,13.5oz (12/cs)
CT07000,Shea Butter Moisturizing Curl Activator Cream For Natural Hair,'817513010002,16,Cantu,CAN,21,5.89,355ml
CT07013,Shea Butter For Natural Hair Leave In Conditioning Repair Cream,'817513010132,5,Cantu,CAN,21,5.39,
CT01534-12,Shea Butter For Natural Hair Coil Calm Detangler,'817513015342,7,Cantu,CAN,21,4.29,237ml
CT07558,Shea Butter Thermal Shield Heat Protecting Spray,'817513015588,17,Cantu,CAN,21,3.69,151ml
CT00004,Shea Butter Grow Strong Strengthening Treatment,'856017000041,8,Cantu,CAN,21,3.99,6oz
CT00002,Shea Butter Rinse Out Conditioner,'856017000027,6,Cantu,CAN,21,3.82,13.5oz (12/cs)
CT01060,Butter Daily Oil Moisturizer Shea,'856017010606,12,Cantu,CAN,21,4.29,13oz
CT01120,Shea Butter Leave Conditioning Repair Cream,'856017000126,9,Cantu,CAN,21,4.45,16oz (12/cs)
CT07501,Oil Sheen Spray,'874211002593,13,Cantu,CAN,21,3.99,10oz (12/cs)
CT07517,Hair Leave In Conditioning Cream Argan Oil,'817513015175,3,Cantu,CAN,21,4.85,16oz (12/cs)
RA0005-24,Cosmetics 100% African Shea Butter,'850546000053,18,Cantu,CAN,21,2.86,5oz (12/cs)
CT07001,Shea Butter For Natural Conditioning Creamy Hair Lotion,'817513010019,20,Cantu,CAN,21,6.59,12oz (12/cs)
CT07003,Shea Butter For Natural Hair Coconut Curling Cream,'817513010033,19,Cantu,CAN,21,6.59,12oz (12/cs)
CT07005,Shea Butter For Natural Hair Twist & Lock Gel,'817513010057,10,Cantu,CAN,21,5.85,13oz (12/cs)
CT07012,Shea Butter For Natural Hair Define & Shine Custard,'817513010125,15,Cantu,CAN,21,5.65,12oz (12/cs)
CT01531-12,"Shea Butter Shampoo, Cleansing Cream, Sulfate Free, For Natural Hair",'817513015311,2,Cantu,CAN,21,4.39,13.5oz (12/cs)
CT01532-12,Shea Butter Hydrating Cream Conditioner For Natural Hair,'817513015328,4,Cantu,CAN,21,4.39,13.5oz (12/cs)
CT07565,Shea Butter Comeback Next Day Curl Hair Revitalizer,'817513015656,14,Cantu,CAN,21,5.09,12oz (12/cs)
CT07570,Shea Butter For Natural Hair Wave Whip Curling Mousse,'817513015700,11,Cantu,CAN,21,5.19,248ml
MUMBBB,Billey's Beard Balm,'074704365000,21,Murray's,MUR,22,3.19,2oz (12/cs)
MU20-24,Hair Dressing Pomade,'074704200004,11,Murray's,MUR,22,1.53,1.12oz (24/cs)
MU10,Superior Hair Dressing Pomade,'074704100007,14,Murray's,MUR,22,2.76,3oz
MU30,Extra Heavy Hair Pomade,'074704100359,12,Murray's,MUR,22,,3oz
MUEW,S - Elite Waves Gel Pomade,'074704110006,8,Murray's,MUR,22,3.59,
MU80,Super Light Pomade & Hair Dressing,'074704170000,13,Murray's,MUR,22,2.76,3oz
MU90,With Pure Australian Beeswax Yellow,'074704260008,26,Murray's,MUR,22,2.18,114g
MU35,Beeswax - 100% Pure Australian - Black,'074704265003,20,Murray's,MUR,22,2.18,4oz
MUBWHW-6,Beeswax Honey Whip Curl Enhancer,'074704266505,16,Murray's,MUR,22,4.41,
MUMBBO,Billey's Beard Oil,'074704366007,10,Murray's,MUR,22,5.91,1.5oz
MU26800-6,"Cream Beeswax, Anti-Itch Formula",'074704268004,18,Murray's,MUR,22,3.41,6oz (6/cs)
MU26700-6,Gel Loc-Lock,'074704267007,7,Murray's,MUR,22,2.94,8oz (6/cs)
MU26900-6,S Sray Unlock Quick Release Braid Spray,'074704269001,17,Murray's,MUR,22,2.94,8oz (6/cs)
MU41200,CoCoSoft Conditioner,'074704412001,3,Murray's,MUR,22,2.99,12.5oz (12/cs)
MU41000,Cocosoft Coconut Oil Conditioner & Hair Dress,'074704410007,2,Murray's,MUR,22,2.99,12.5oz (12/cs)
MU41100,CocoSoft Bergamot Conditioner & Hair Dress,'074704411004,1,Murray's,MUR,22,2.99,12.5oz (12/cs)
MU55-6,Edgewax Premium Gel With 100% Australian Beeswax,'074704271004,6,Murray's,MUR,22,3.65,4oz (6/cs)
MU57-24,Edgewax Mini,'074704271059,25,Murray's,MUR,22,1.35,0.5oz (24/cs)
MU54-6,Edge Wax Extreme Hold Premium Gel,'074704273008,5,Murray's,MUR,22,4.06,4oz (6/cs)
MU58-24,Edgewax Extrme Hold,'074704273053,24,Murray's,MUR,22,1.47,0.5oz (24/cs)
MU26200,BeesWax Natural-Loc Molding Paste,'074704262002,19,Murray's,MUR,22,3.65,6oz (6/cs)
MU59-6,"Edgewax, Caffeine",'074704274005,22,Murray's,MUR,22,4.19,4oz (6/cs)
MU60-6,Edgewax Extreme Hold With Caffeine,'074704274203,23,Murray's,MUR,22,4.75,4oz (6/cs)
MU27200-6,Beeswax Braiding Foam Firm Hold,'074704272001,9,Murray's,MUR,22,4.69,8.5oz (6/cs)
MU27500,Beeswax Curl Defining Activator,'074704275002,15,Murray's,MUR,22,3.59,12oz (12/cs)
MU27600,Beeswax Braiding Gel Firm Hold,'074704276009,4,Murray's,MUR,22,5.59,12.5oz (6/cs)
CO01100-24,Face Moisturizers Cocoa Butter Stick,'075707011000,15,CocoCare,CO,23,2.08,1oz
CO02045,Coconut,'075707020453,16,CocoCare,CO,23,0.83,0.15oz
CO03300,100 Rosemary Oil,'075707033002,11,CocoCare,CO,23,6.09,1oz
CO03500,100 Percent Tea Tree Oil All Natural,'075707035006,10,CocoCare,CO,23,6.47,1oz
CO04200,100% Vitamin E Oil,'075707042004,13,CocoCare,CO,23,6.95,1oz
CO06100,Rose Water Hydrating Facial Mist,'075707061005,14,CocoCare,CO,23,4.67,
CO09460,Natural Grapeseed Oil Hair & Skin Conditioner,'075707094607,2,CocoCare,CO,23,4.44,4oz
CO09475,100% Natural Macadamia Skin And Hair Oil,'075707094751,7,CocoCare,CO,23,4.96,4oz
CO02080,Coconut Oil 100% Natural,'075707020804,5,CocoCare,CO,23,5.04,7oz (12/cs)
CO09450,100% Natural Almond Oil For Skin And Hair,'075707094508,3,CocoCare,CO,23,4.63,4oz (12/cs)
CO09700,Natural Jojoba Oil,'075707097004,6,CocoCare,CO,23,5.65,2oz (12/cs)
CO04800,Vitamin E Antioxidant Body Oil,'075707048006,12,CocoCare,CO,23,5.83,8.5oz
CO02075,Coconut Oil,'075707020750,4,CocoCare,CO,23,3.61,4oz (12/cs)
CO09400,Castor Oil Natural Hair & Skin Conditioner,'075707094003,1,CocoCare,CO,23,4.63,4oz (12/cs)
CO09420,100% Natural Moroccan Argan Oil Liq,'075707094201,8,CocoCare,CO,23,5.95,2oz (12/cs)
CO03400,100 Percent Natural Peppermint Oil,'075707034009,9,CocoCare,CO,23,5.13,1oz (12/cs)
FN2515,Naturals Tea Tree Oil,'011313025154,23,Fantasia,FAN,24,6.53,1oz (12/cs)
FN1008,Liquid Mousse - Super Hold Spritz,'011313010082,11,Fantasia,FAN,24,1.89,2oz (48/cs)
FN4306-6,Super Hold Polisher Spritz Hair Spray,'011313012758,24,Fantasia,FAN,24,5.59,12oz
FN2250,IC Leave-In Hair & Scalp Treatment,'011313022504,4,Fantasia,FAN,24,4.92,12oz
FN503025,IC Hair Polisher Olive Moisturizing Shine Serum,'011313030257,21,Fantasia,FAN,24,5.29,178ml
FN503028-6,Olive Oil Mist Moisturizing Treatment,'011313030288,8,Fantasia,FAN,24,7.57,6oz
FN504005,Frizz Buster Serum,'011313040058,15,Fantasia,FAN,24,5.43,6oz
FN4300-6,Liquid Mousse Spritz Hair Spray Super Hold,'011313043004,12,Fantasia,FAN,24,5.59,10oz
FN4302-6,"Liquid Mousse Spritz Hair Spray, Mega Hold",'011313043028,13,Fantasia,FAN,24,5.59,10oz
FN4311-6,IC Pure Tea Silky Gel Moisturizer Activator,'011313043110,9,Fantasia,FAN,24,4.72,10oz
FN4301-6,Liquid Mousse - Firm Hold Spritz,'011313043011,10,Fantasia,FAN,24,5.59,10oz (12/cs)
FN1275,IC Super Hold Polisher Spritz Hairspray,'011313043066,26,Fantasia,FAN,24,4.69,10oz
FN4303-6,IC Hair Polisher Olive Firm Hold Spritz Hairspray,'011313043035,30,Fantasia,FAN,24,5.59,10oz (12/cs)
FN1006,IC Hair Polisher Olive Firm Hold Spritz,'011313010068,29,Fantasia,FAN,24,1.89,2oz (48/cs)
FN503020-6,IC Hair Polisher Heat Protector Straightening Spray,'011313030202,28,Fantasia,FAN,24,7.15,6oz (6/cs)
FN2208,IC Leave-In Moisturizer Hair & Scalp Treatment,'011313022085,3,Fantasia,FAN,24,4.92,12oz (12/cs)
FN4308-6,IC Pure Tea Instant Oil Moisturizer Hair Lotion,'011313043080,22,Fantasia,FAN,24,4.24,12oz (12/cs)
FN3753,IC Pure Tea Shampoo,'011313037539,1,Fantasia,FAN,24,4.28,18oz (12/cs)
FN2500,Tea Tree Naturals Shampoo,'011313025000,2,Fantasia,FAN,24,5.46,12oz (12/cs)
FN2505,Tea Tree Naturals Intensive Conditioner,'011313025055,5,Fantasia,FAN,24,6.38,12oz (12/cs)
FN1996-24,IC Fantasia Mist Aloe Hair Polisher,'011313019962,25,Fantasia,FAN,24,3.41,2oz (24/cs)
FN1997-24,IC Hair Polisher Aloe Treatment,'011313019979,7,Fantasia,FAN,24,3.41,2oz (24/cs)
FN1993-6,IC High Potency Hair Polisher - Daily Treatment,'011313019931,6,Fantasia,FAN,24,7.55,
FN4024-24,Frizz Buster Serum,'011313040249,14,Fantasia,FAN,24,3.41,2oz (24/cs)
FN3010-24,IC Hair Polisher Heat Protector Straightening Serum,'011313030103,17,Fantasia,FAN,24,3.39,2oz
FN3010-24,IC Hair Polisher Heat Protector Straightening Serum,'011313030103,18,Fantasia,FAN,24,3.39,2oz
FN503015-6,IC Hair Polisher Heat Protector Straightening Serum,'011313030158,19,Fantasia,FAN,24,7.15,6oz (12/cs)
FN3026-24,IC Hair Polisher Olive Moisturizing Shine Serum,'011313030264,20,Fantasia,FAN,24,3.41,2oz
FN1170,IC Shea Butter Sheen Spray Bonus,'011313021705,32,Fantasia,FAN,24,3.66,14oz (12/cs)
FN33030,IC Hair Polisher Olive Moisturizing Sheen Spray,'011313030301,31,Fantasia,FAN,24,3.69,14oz (12/cs)
FN3360,IC Hair Polisher Carrot Oil Sheen Spray,'011313033609,16,Fantasia,FAN,24,3.69,14oz (12/cs)
FN3021-24,IC Hair Polisher Heat Protector Spray,'011313030219,27,Fantasia,FAN,24,3.52,2oz
MA56466-36,Astringent,'666425564666,1,Cool Mist,CMI,25,1.89,4oz
MA56467,Astringent,'666425564673,2,Cool Mist,CMI,25,3.39,16oz (12/cs)
MA56468,Astringent,'666425564680,3,Cool Mist,CMI,25,4.88,32oz (12/cs)
MA56469-4,Astringent,'666425564697,4,Cool Mist,CMI,25,16.61,128oz (4/cs)
RL21930,Mango & Shea Butter Ultra Moisturising Conditioner,'075724219304,12,Creme of Nature,CON,26,3.76,12oz (12/cs)
RL21933,Acai Berry & Keratin Strengthening Shampoo,'075724219335,1,Creme of Nature,CON,26,3.45,235ml (12/cs)
RL43663,Acai Berry & Keratin Strengthening Hair Masque for Dry Damaged Hair,'075724436633,18,Creme of Nature,CON,26,3.76,12oz
RL21927,Acai Berry & Keratin Strengthening Hair Masque,'075724219274,17,Creme of Nature,CON,26,1.41,1.75oz (6/cs)
RL42801,Pure Honey Moisturizing Dry Defense Conditioner,'075724428010,16,Creme of Nature,CON,26,4.99,12oz (12/cs)
RL42803,Pure Honey Detangler Knot Away Leave in,'075724428034,15,Creme of Nature,CON,26,4.99,8oz (12/cs)
RL47319,Pure Honey Silicone-Free Lightweight Shine Mist,'075724473195,65,Creme of Nature,CON,26,5.32,4oz (12/cs)
RL00454-6,Pure Honey Smoothing & Frizz Control Hair Mask,'075724004542,24,Creme of Nature,CON,26,3.41,3.8oz (6/cs)
RL64011,Moisture Rich Hair Color Kit C11 Natural Black,'075724780118,54,Creme of Nature,CON,26,2.86,(12/cs)
RL64031,"Moisture Rich Hair Color Kit, Vivid Red",'075724640313,57,Creme of Nature,CON,26,2.86,
RL64032,Color C32 Spiced Red Kit,'075724640320,42,Creme of Nature,CON,26,2.86,135g (12/cs)
RL64040,"Moisture Rich Hair Color Kit, Light Blonde",'075724640405,53,Creme of Nature,CON,26,2.43,181g (12/cs)
RL06620,Burgundy Blaze Exotic Shine Permanent Hair Color #6.2 Kit,'75724566200,40,Creme of Nature,CON,26,5.96,181g
RL06265,Exotic Shine Hair Color 9.23 Light Golden Blonde,'075724062658,47,Creme of Nature,CON,26,5.96,94g
RL023270,Permanent Hair Colors 1 Application,'075724232709,60,Creme of Nature,CON,26,,
RL023276,"Argan Oil Exotic Shine Permanent Hair Color Kit, Intensive Red",'075724232761,35,Creme of Nature,CON,26,5.96,0.5lb
RL38978,Argan Oil Day & Night Hair & Scalp Conditioner,'075724389786,7,Creme of Nature,CON,26,3.68,4.76oz
RL06620,Burgundy Blaze Exotic Shine Permanent Hair Color #6.2 Kit,'075724566200,41,Creme of Nature,CON,26,5.96,181g
RL64041,"Moisture Rich Hair Color Kit, C41 Honey Blonde, 1 Application",'075724640412,56,Creme of Nature,CON,26,2.86,92g
RL78042,"Moisture Rich Hair Color, #C42 Light Golden Blonde",'075724780422,52,Creme of Nature,CON,26,2.86,198g
RL024566,Argan Oil Intensive Conditioning Treatment,'075724245662,20,Creme of Nature,CON,26,1.53,1.75oz
RL024440,Argan Oil From Morocco Anti-Humidity Gloss & Shine Mist,'075724244405,37,Creme of Nature,CON,26,6.93,4oz (12/cs)
RL024442,"Heat Protector Smooth & Shine Polisher, Argan Oil",'075724244429,39,Creme of Nature,CON,26,6.93,4oz (12/cs)
RL025199,"Argan Oil Shampoo, Bonus Size, Sulfate-Free",'075724007468,3,Creme of Nature,CON,26,4.85,12oz (12/cs)
RL025220,Argan Oil Moisture & Shine Shampoo,'075724252202,2,Creme of Nature,CON,26,7.72,591ml
RL025200,Argan Oil Strength & Shine Leave In Conditioner,'075724252004,10,Creme of Nature,CON,26,4.85,8.45oz (12/cs)
RL025202,Oil Intensive Conditionner Treatment,'075724007444,21,Creme of Nature,CON,26,4.89,12oz (12/cs)
RL025271,Argan Oil Intensive Conditioning Treatment,'075724252714,19,Creme of Nature,CON,26,7.72,315g (12/cs)
RL025201,Creamy Oil Moisturizing Hair Lotion,'075724252011,38,Creme of Nature,CON,26,4.85,8.45oz (12/cs)
RL024438,Argan Oil Style & Shine Foam Mousse,'075724244382,30,Creme of Nature,CON,26,4.85,7oz (12/cs)
RL025198,Oil Treatment For Hair,'075724251984,22,Creme of Nature,CON,26,7.65,3oz (12/cs)
RL71285,Argan Oil Perfect 7 7-N-1 Leave In Treatment,'075724071285,9,Creme of Nature,CON,26,6.59,4.23oz (12/cs)
RL19912,Argan Oil For Natural Hair Moisture Recovery Leave-In Curl Milk,'075724199125,8,Creme of Nature,CON,26,5.79,8oz
RL38977,Cream Moisture & Shine Curl Activator,'075724389779,61,Creme of Nature,CON,26,4.79,12oz (12/cs)
RL38979,Argan Oil Apple Cider Vinegar Clarifying Rinse,'075724389793,33,Creme of Nature,CON,26,4.04,15.5oz (12/cs)
RL39765-6,Argan Oil Perfect Edges Black Hair Gel,'075724397651,28,Creme of Nature,CON,26,4.49,2.25oz (12/cs)
RL39767,Argan Oil Heat Protector Blow Out Cream,'075724397675,36,Creme of Nature,CON,26,4.79,8.45oz (12/cs)
RL06105-6,Argan Oil Perfect Edges Firm Hold Edge Hair Gel,'075724061057,27,Creme of Nature,CON,26,4.39,2.25oz
RL21404-6,Argan Oil Perfect Edges Extra Firm Hold Edge Hair Gel,'075724214040,26,Creme of Nature,CON,26,4.49,(12/cs)
RL21934,Detangling & Conditioning Shampoo Coconut Milk,'075724219342,4,Creme of Nature,CON,26,3.45,12oz (12/cs)
RL21928,Coconut Milk Detangling & Conditioning Conditioner,'075724219281,11,Creme of Nature,CON,26,3.76,12oz (12/cs)
RL21931,Mango & Shea Butter Ultra Moisturizing Shampoo,'075724219311,5,Creme of Nature,CON,26,3.45,12oz (12/cs)
RL21932,Mango & Shea Butter Ultra Moisturizing Leave In Conditioner,'075724219328,13,Creme of Nature,CON,26,3.38,8.45oz (12/cs)
RL42800,Pure Honey Moisturizing Dry Defense Shampoo,'075724428003,6,Creme of Nature,CON,26,4.99,12oz (12/cs)
RL42812,Pure Honey Break Up Leave In Conditioner,'075724428126,14,Creme of Nature,CON,26,5.99,236.5ml
RL42807,Curl Cream For Curly Hair By Pure Honey Moisture Whip Twisting,'075724428072,62,Creme of Nature,CON,26,5.99,11.5oz (12/cs)
RL42805,Pure Honey Moisture Infusion Edge Control Hair Gel,'075724428058,29,Creme of Nature,CON,26,4.99,2.25oz (12/cs)
RL47318,Pure Honey Shrinkage Defense Curl Activator,'075724473188,64,Creme of Nature,CON,26,5.32,10.5oz (12/cs)
RL00158-6,Pure Honey Shrinkage Defense Curling Jelly,'075724001589,66,Creme of Nature,CON,26,,12oz (12/cs)
RL00233-6,"Pure Honey Defining Custard, Twist & Hold",'075724002333,63,Creme of Nature,CON,26,,11.5oz (6/cs)
RL00453-6,Pure Honey Strengthening Hair Mask,'075724004535,25,Creme of Nature,CON,26,3.41,3.8oz
RL00455-6,Pure Honey Intense Hydration Treatment Hair Mask - Yogurt,'075724004559,23,Creme of Nature,CON,26,3.41,3.8oz
RL00515,Pure Honey Moisture & Twist Curling Mousse,'075724005150,32,Creme of Nature,CON,26,5.53,7oz (12/cs)
RL00635,Hair Food Smoothing & Frizz Control Styling Mousse Avocado,'075724006355,31,Creme of Nature,CON,26,5.22,7oz (12/cs)
RL64020,"Moisture Rich Liquid Hair Color Kit, C20 Golden Brown",'075724640207,59,Creme of Nature,CON,26,2.86,155g (12/cs)
RL64021,Moisture-Rich Hair Color Kit - C21 Rich Brown,'075724640214,55,Creme of Nature,CON,26,2.86,380g (12/cs)
RL023267,Exotic Shine Hair Color Intense Black 1.0,'075724232679,48,Creme of Nature,CON,26,5.96,0.192kg (12/cs)
RL023268,"Exotic Shine Color Permanent Hair Color, Soft Black 3.0",'075724232686,49,Creme of Nature,CON,26,5.96,(12/cs)
RL023272,Exotic Shine Hair Color Red Copper 6.4,'075724232723,45,Creme of Nature,CON,26,5.96,205g
RL06286,Exotic Shine Hair Color 7.3 Medium Warm Brown,'75724062863,50,Creme of Nature,CON,26,5.96,(12/cs)
RL06286,Exotic Shine Hair Color 7.3 Medium Warm Brown,'075724062863,51,Creme of Nature,CON,26,5.96,(12/cs)
RL023269,Exotic Shine Hair Color 7.64 Bronze Copper,'075724232693,43,Creme of Nature,CON,26,5.96,13.12oz (12/cs)
RL06266,Exotic Shine Hair Color 9.2 Light Caramel Brown,'075724062665,44,Creme of Nature,CON,26,5.96,
RL06262,"Argan Oil Exotic Shine Permanent Hair Color, Honey Blonde",'075724062627,34,Creme of Nature,CON,26,5.96,(12/cs)
RL023278,Exotic Shine Hair Color 10.01 Ginger Blonde,'075724232785,46,Creme of Nature,CON,26,5.96,10.01oz (12/cs)
RL64010,"Moisture Rich Liquid Hair Color Kit, C10 Jet Black",'075724640108,58,Creme of Nature,CON,26,2.86,87g (12/cs)
CR32,"Shampoo in Haircolor, Dark & Natural, 5 Minute, Natural Black",'072790000324,1,Dark & Natural,DN,27,4.69,
CR31,Men's 5 Minute Hair Color 3 In Jet Black,'072790000317,2,Dark & Natural,DN,27,4.69,
CR522,Fade Resist Hair Color #522 Poppin' Pink,'075285222904,3,Dark & Lovely,DLO,28,4.69,0.22lb
CR421,Rich Conditioning Hair Color - 421 Viral Violet,'075285222911,22,Dark & Lovely,DLO,28,4.69,6.2oz
CR506,Fade Resist Rich Conditioning Hair Color For Vibrant Shades,'075285222928,16,Dark & Lovely,DLO,28,4.69,0.33lb
CR4800,Uplift Bleach Kit,'075285016282,29,Dark & Lovely,DLO,28,5.94,(6/cs)
CR422-6,Healthy Gloss Shea Moisture No-Lye Relaxer Kit Super,'072790004223,1,Dark & Lovely,DLO,28,6.62,(6/cs)
CR869,Go Intense Permanent Hair Color Super Black 1,'075285008690,17,Dark & Lovely,DLO,28,4.79,(12/cs)
CR870,"Go Intense Ultra Vibrant Permanent Hair Color, Original Black",'075285008706,21,Dark & Lovely,DLO,28,4.79,120g (12/cs)
CR874,Go Intense Permanent Hair Color Spicy Red 66,'075285008744,19,Dark & Lovely,DLO,28,4.79,
CR892,Go Intense Permanent Hair Color Golden Blonde 10,'075285008928,18,Dark & Lovely,DLO,28,4.79,(12/cs)
CR893,Go Intense! Ultra Vibrant Permanent Hair Color,'075285011447,20,Dark & Lovely,DLO,28,4.79,207g (12/cs)
CR875,"SoftSheen-Carson Go Intense Ultra Vibrant Color, Passion Plum 68",'075285013731,28,Dark & Lovely,DLO,28,4.79,(12/cs)
CR326,"SoftSheen-Carson Fade Resist Rich Conditioning Hair Color, Berry Bergundy",'075285012567,24,Dark & Lovely,DLO,28,4.69,227g
CR371,Fade Resist Permanent Hair Color 371 Jet Black,'072790003714,7,Dark & Lovely,DLO,28,4.69,(12/cs)
CR372,Fade Resist Permanent Hair Color 401 Natural Black,'072790003721,4,Dark & Lovely,DLO,28,4.69,
CR373,Fade Resist Permanent Hair Color 373 Brown Sable,'072790003738,8,Dark & Lovely,DLO,28,4.69,(12/cs)
CR374,Fade Resist Rich Conditioning Color 374Rich Auburn,'072790003745,11,Dark & Lovely,DLO,28,4.69,(12/cs)
CR376,"SoftSheen-Carson Fade Resist Rich Hair Color, 376 Red Hot Rhythm",'072790003769,23,Dark & Lovely,DLO,28,4.69,212g (12/cs)
CR377,"SoftSheen-Carson Fade Resist Rich Conditioning Hair Color, Sun Kissed Brown",'072790003776,26,Dark & Lovely,DLO,28,4.69,(12/cs)
CR380,"SoftSheen-Carson Fade Resist Rich Conditioning Hair Color, Chestnut Blonde",'072790003806,25,Dark & Lovely,DLO,28,4.69,(12/cs)
CR378,Fade Resist Permanent Hair Color 378 Honey Blonde,'072790003783,6,Dark & Lovely,DLO,28,4.69,(12/cs)
CR379,Fade Resist Rich Conditioning Color Golden Bronze,'072790003790,14,Dark & Lovely,DLO,28,4.69,(12/cs)
CR382,"SoftSheen-Carson Fade-Resistant Rich Conditioning Permanent Hair Color, 382 Midnight Blue",'072790003820,27,Dark & Lovely,DLO,28,4.69,(12/cs)
CR384,Fade Resist Permanent Hair Color Hi Lift 384 Light Golden Blonde,'072790003844,5,Dark & Lovely,DLO,28,4.69,(12/cs)
CR386,"Fade Resist Permanent Hair Color, 386 Brown Sugar, 1 Application",'072790003868,9,Dark & Lovely,DLO,28,4.69,226g (12/cs)
CR391,"Fade Resist Rich Conditioning Hair Color, Brown Cinnamon",'075285000281,12,Dark & Lovely,DLO,28,4.69,233g (12/cs)
CR394,Fade Resist Permanent Hair Color 394 Vivacious Red,'075285000328,10,Dark & Lovely,DLO,28,4.69,226g (12/cs)
CR396,Fade Resist Hair Color Luminous Blonde 396,'075285000267,2,Dark & Lovely,DLO,28,4.69,(12/cs)
CR362,"Fade Resist Rich Conditioning Hair Color, Crimson Moon",'075285015957,13,Dark & Lovely,DLO,28,4.69,6.2oz
CR401,Fade Resist Rich Conditioning Hair Color Hazelnut Brown,'075285015971,15,Dark & Lovely,DLO,28,4.69,250g
ST955-6B,Marcel Curling Wax,,1,Dax,DAX,29,,3.5oz (12/cs)
NP172,Moisturizing Growth Shampoo,'649010751726,2,Doo Gro,DGR,30,4.86,10oz (12/cs)
NP430,Mega Long Extreme Strengthening Hair Lotion,'649010404301,20,Doo Gro,DGR,30,5.31,
NP440,Mega Long Extreme Strengthening Detangling Spray,'649010404400,18,Doo Gro,DGR,30,4.86,
NP450,Mega Long Extreme Strengthening Hair Oil,'649010404509,16,Doo Gro,DGR,30,4.86,
NP163,Hair Vitalizer Triple Strength For Severely Damaged Hair,'649010751634,28,Doo Gro,DGR,30,4.75,4oz
NP175,Growth Repair Conditioner,'649010751757,6,Doo Gro,DGR,30,4.75,10oz
NP155B,Med Mega Thick,'679010751554,22,Doo Gro,DGR,30,,
NP170B,Shampoo Tingl Grow,,3,Doo Gro,DGR,30,,
NP105,Mega Thick Anti Thinning Conditioner,'649010751054,7,Doo Gro,DGR,30,4.99,10oz (12/cs)
NP180,Growth Leave-In Treatment,'649010751801,5,Doo Gro,DGR,30,4.75,10oz (12/cs)
NP135B,Growth Lotion Mega Thick,'649010751352,10,Doo Gro,DGR,30,,12oz (12/cs)
NP133,Triple Strength Anti-Breakage Growth Lotion,'649010751344,15,Doo Gro,DGR,30,5.63,12oz (12/cs)
NP112,Mega Thick Leave-In Strengthener,'649010751122,8,Doo Gro,DGR,30,6.09,10oz (12/cs)
NP140B,Triple Strength Anti Breakage Growth Detangler,'649010751405,14,Doo Gro,DGR,30,,10oz (12/cs)
NP120,Hair Polish Shine Mist,'649010751207,19,Doo Gro,DGR,30,5.06,4.5oz (12/cs)
NP192,"Hair Oil, Mega Thick Formula",'649010751924,17,Doo Gro,DGR,30,4.86,4.5oz (12/cs)
NP190,Stimulating Hair Growth Oil,'649010751900,13,Doo Gro,DGR,30,4.86,4.5oz (12/cs)
NP191,Anti Itch Growth Oil,'649010751917,9,Doo Gro,DGR,30,4.86,4.5oz (12/cs)
NP309,Mega Long Extreme Reconstructor Ultimate Lengthening,'649010403090,11,Doo Gro,DGR,30,6.45,16oz (12/cs)
NP350,Mega Long Hair Vitalizer,'649010403502,24,Doo Gro,DGR,30,4.75,4oz (12/cs)
NP109,Mega Thick Rebuilding Intense Repair Thickening Treatment,'649010751092,12,Doo Gro,DGR,30,5.99,18oz (12/cs)
NP155,Hair Vitalizer Mega Thick Formula,'649010751559,26,Doo Gro,DGR,30,4.75,4oz
NP167,Hair Vitalizer Anti-Itch Formula,'649010751672,25,Doo Gro,DGR,30,4.75,4oz (12/cs)
NP185,Deep Down Intense Penetrating Conditioner,'649010751856,4,Doo Gro,DGR,30,5.16,8oz (12/cs)
NP150,Hair Vitalizer Medicated Anti-Dandruff Creme Formula,'649010751504,21,Doo Gro,DGR,30,4.75,4oz (12/cs)
NP153,Medicated Hair Vitalizer Anti Dandruff Formula,'649010751535,23,Doo Gro,DGR,30,4.75,3.8oz (12/cs)
NP101,Mega Thick Anti-Thinning Formula Shampoo,'649010751016,1,Doo Gro,DGR,30,4.99,1.75oz
NP160,Hair Vitalizer Extra Light Original Formula,'649010751603,27,Doo Gro,DGR,30,4.75,4oz (12/cs)
SOD21903,"Deep Conditioning Treatment, Regular",'802535219038,1,Dr. Miracle's,DRM,31,1.08,1.75oz (12/cs)
SOD22003,Tingling Intensive Deep Conditioning Treatment - Super Strength,'897127000484,2,Dr. Miracle's,DRM,31,1.08,1.75oz (12/cs)
BTL011,Extreme Hold,'636227247906,8,Magic Collection,BTL,32,4.19,3oz (12/cs)
BTL010,Edge Effect Professional Edge Control Gel 5+ Extreme Hold,'636227244707,2,Magic Collection,BTL,32,4.19,3.38oz (12/cs)
BTL008,Coconut,'636227244745,7,Magic Collection,BTL,32,4.19,3oz (12/cs)
BTL006S,Edgeffect Edge Control Gel,'636227244752,3,Magic Collection,BTL,32,1.99,1oz (12/cs)
BTL004S,Edgeffect Edge Control Gel,'636227244714,4,Magic Collection,BTL,32,1.99,1oz (12/cs)
BTL635,Magic Fiber Hair Building Fiber,'636227126355,9,Magic Collection,BTL,32,8.34,0.97oz
BTL009,Edgeffect Edge Gel Extreme Hold Aloe/avocado/grape Seed,'636227244721,6,Magic Collection,BTL,32,4.19,100ml
BTL007S,Edgeffect Edge Control Gel,'636227244738,5,Magic Collection,BTL,32,1.99,1oz
BTL013,Edge Effect Mega Hold,'636227247982,1,Magic Collection,BTL,32,1.99,
HB577-6,Jamaican Black Castor Hair Oil,'045836005775,8,Hollywood Beauty,HBE,33,2.05,2oz (6/cs)
HB540-6,Argan Oil Hair Treatment From Morocco,'045836005409,1,Hollywood Beauty,HBE,33,5.42,3oz
HB554-6,Macadamia Oil,'045836005546,10,Hollywood Beauty,HBE,33,,2oz
HB557-6,Jamaican Black Castor Oil,'045836005577,7,Hollywood Beauty,HBE,33,2.92,88.7ml
HB571-6,Peppermint Hair Oil,'045836005713,11,Hollywood Beauty,HBE,33,2.29,2oz
HB571-6,Peppermint Hair Oil,'045836005713,12,Hollywood Beauty,HBE,33,2.29,2oz
HB590-6,"Tea Tree Hair, Skin & Scalp Treatment Premium Oil - 2 Fluid Ounce",'045836005904,3,Hollywood Beauty,HBE,33,2.29,
HB925-6,Castor Oil,'045836009254,5,Hollywood Beauty,HBE,33,,2oz
HB525-6,Olive Oil Scalp Treatment,'045836005256,2,Hollywood Beauty,HBE,33,2.05,2oz
HB550-6,Carrot Oil,'045836005508,4,Hollywood Beauty,HBE,33,2.05,2oz
HB551-6,Shea Oil,'045836005515,14,Hollywood Beauty,HBE,33,,2oz
HB552-6,Coconut Oil,'045836005522,6,Hollywood Beauty,HBE,33,2.05,2oz
HB555-6,Premium Hair & Skin Vitamin E Oil,'045836005553,13,Hollywood Beauty,HBE,33,2.05,2oz
HB576-6,Jojoba Hair Oil,'045836005768,9,Hollywood Beauty,HBE,33,2.05,2oz
SOG20501-6,No-Lye Conditioning Relaxer Gray Kit,'802535205017,3,Gentle Treatment,GTR,34,5.55,(8/cs)
SOG20300-6,Relaxer Kit Regular,'802535203013,4,Gentle Treatment,GTR,34,5.55,(6/cs)
SOG20200-6,No-Lye Conditioning Creme Relaxer Super - Twin Pack,'802535202023,2,Gentle Treatment,GTR,34,6.29,(6/cs)
SOG20100-6,No-Lye Conditioning Creme Relaxer Kit Twin Pack Regular,'802535201026,1,Gentle Treatment,GTR,34,6.29,(6/cs)
JSG56-1,Medicated Ointment For Dandruff,'310471010249,8,Glover's,GLO,35,8.65,3.5oz
JSG61-1,S - Clinical Care Shampoo,'310471061104,3,Glover's,GLO,35,4.52,
JSG63-1,Therapeutic Care Shampoo W/ Salicylic Acid #11,'310471063108,4,Glover's,GLO,35,4.52,4oz
JSG60-1,Medicated Shampoo,'310471011116,2,Glover's,GLO,35,3.99,4oz (12/cs)
JSG62-1,Conditioning Shampoo,'010471000058,1,Glover's,GLO,35,2.88,(12/cs)
JSG54-1,Medicated Ointment For Dandruff,'310471010232,7,Glover's,GLO,35,3.86,1oz (12/cs)
JSG50-1,Dandruff Control Medicine Regular Formula,'310471011437,6,Glover's,GLO,35,4.85,2.75oz (12/cs)
JSG52-1,Dandruff Control Medicine Floral Fragrance,'310471011536,5,Glover's,GLO,35,4.85,2.75oz (12/cs)
GOR31112,"Gel, Indestructible Punk Gorilla",'878971000042,2,Gorilla,GOR,36,2.49,9.52oz
GOR32608,Hair Gel Gorilla Punk Yellow,'878971000004,1,Gorilla,GOR,36,2.79,11.9oz (12/cs)
GOR30112-24,Snot Hair Gel Punk Tube (12in) Yellow,'878971000035,3,Gorilla,GOR,36,1.25,3oz (24/cs)
AV34145-24,Glued Styling Spiking Water Resistant Glue,'052336341456,2,GOT2B,GOT,37,2.05,1.25oz (24/cs)
AV33149-6,Ultra Glued Invincible Styling Hair Gel,'052336331495,3,GOT2B,GOT,37,6.79,6oz (6/cs)
AV33145-6,Glued Spiking Max Hold Hair Styling Glue Gel,'052336331457,1,GOT2B,GOT,37,6.79,6oz (6/cs)
AV90929-24,2b Ultra Glued Invincible Styling Gel,'052336909298,4,GOT2B,GOT,37,2.05,1.25oz
AV91202-6,Glued Blasting Freeze Spray,'052336912014,6,GOT2B,GOT,37,6.99,12oz (6/cs)
AV91802-6,Glued Blasting Freeze Spray,'017000300450,5,GOT2B,GOT,37,2.59,2oz (6/cs)
GA30001,Creme Conditioning No Lye Relaxer Regular,'743690030406,3,Hawaiian Silky,HSI,38,4.79,20oz
GA10018,"Dry Look Moisturizing Spray, Green",'721085200245,29,Hawaiian Silky,HSI,38,3.61,8oz (12/cs)
GA20004,No-Lye Neutralizing Shampoo,'721085200719,9,Hawaiian Silky,HSI,38,3.50,8oz
GA30032,Oil Moisturizer 7 In 1,'743690030307,24,Hawaiian Silky,HSI,38,,
GA20020B,Silky Cool Scalp,'743690030901,36,Hawaiian Silky,HSI,38,,14oz
GA8331,14-In-1 Miracles Balanced Apple Cider Vinegar,'743690083310,34,Hawaiian Silky,HSI,38,5.84,8oz
GA8333-24,14 In 1 Miracles Natural Apple Cider Vinegar Extreme Edge,'743690083334,22,Hawaiian Silky,HSI,38,3.49,2.4oz
GA30002,"No Lye Relaxer, Mild, Beige",'743690030413,6,Hawaiian Silky,HSI,38,4.79,20oz (12/cs)
GA30003,Creme Conditioning No Lye Relaxer Super,'743690030420,4,Hawaiian Silky,HSI,38,4.79,20oz (12/cs)
GA30007,"No Base Relaxer, Regular, White",'743690030437,5,Hawaiian Silky,HSI,38,4.69,20oz (12/cs)
GA30008,"30008 No Base Relaxer, Mild, White",'743690030444,1,Hawaiian Silky,HSI,38,4.69,20oz (12/cs)
GA30009,Creme Conditioning No Base Relaxer Super,'743690030451,2,Hawaiian Silky,HSI,38,4.69,20oz (12/cs)
GA10008-24,"Gel Activator, Pink",'721085200108,21,Hawaiian Silky,HSI,38,3.39,8oz (24/cs)
GA10009,Gel Activator,'743690030598,19,Hawaiian Silky,HSI,38,4.59,16oz (12/cs)
GA10009,Gel Activator,'743690081286,20,Hawaiian Silky,HSI,38,4.59,16oz (12/cs)
GA10010-24,"""Dry Look"" Gel Activator",'721085200115,17,Hawaiian Silky,HSI,38,3.39,8oz (24/cs)
GA10011,Dry Look' Gel Activator,'743690030604,18,Hawaiian Silky,HSI,38,4.59,18oz (12/cs)
GA10001,Curl Reconstructor,'743690030475,14,Hawaiian Silky,HSI,38,6.29,20oz (12/cs)
GA10003,Curl Booster For Curls & Waves,'743690030611,27,Hawaiian Silky,HSI,38,6.99,18oz (12/cs)
GA10005,"Neutralizing Solution, Yellow",'743690030581,35,Hawaiian Silky,HSI,38,4.69,16oz (12/cs)
GA10014,Cream Moisturizer Curl Activator,'721085200832,26,Hawaiian Silky,HSI,38,5.47,16oz (12/cs)
GA10025,Cream Moisturizer Curl Activator,'721085200221,25,Hawaiian Silky,HSI,38,4.79,8oz (12/cs)
GA10015,14-In-1 Miracle Worker,'721085200283,32,Hawaiian Silky,HSI,38,3.89,8oz (12/cs)
GA10016,Miracle Worker 14 In 1 Hair Treatment,'721085200825,15,Hawaiian Silky,HSI,38,5.29,18oz (12/cs)
GA10017,14 In 1 Miracle Worker,'743690030345,33,Hawaiian Silky,HSI,38,10.27,32oz (6/cs)
GA10013,Dry Look Moisturizing Spray,'743690025358,28,Hawaiian Silky,HSI,38,4.85,16oz (12/cs)
GA10012,Moisturizer And Sheen Spray,'743690030505,30,Hawaiian Silky,HSI,38,4.85,16oz (12/cs)
GA10019,"Moisturizing and Sheen Spray, White",'721085200238,31,Hawaiian Silky,HSI,38,3.99,8oz (12/cs)
GA20001,Shampoo Neutral,'721085200214,10,Hawaiian Silky,HSI,38,3.83,8oz (12/cs)
GA20018,Oil Moisturizer 7 In 1,'721085200429,23,Hawaiian Silky,HSI,38,6.21,16oz (12/cs)
GA10031,14 In 1 Miracle Worker Shampoo,'743690081255,7,Hawaiian Silky,HSI,38,4.51,16oz (12/cs)
GA10032,Miracle Worker 14 In 1 Hair Conditioner,'743690081262,13,Hawaiian Silky,HSI,38,4.51,16oz (12/cs)
GA8332,Apple Cider Vinegar Conditioning Wash,'743690083327,11,Hawaiian Silky,HSI,38,5.84,12oz (12/cs)
GA8334,14 In 1 Miracles Apple Cider Vinegar Leave-In Conditioner,'743690083341,12,Hawaiian Silky,HSI,38,5.19,8oz (12/cs)
GA8335,Hair Yogurt Treatment,'743690083358,16,Hawaiian Silky,HSI,38,6.49,16oz (12/cs)
GA8337,14-In-1 Miracles Charcoal Activated Shampoo,'743690083372,8,Hawaiian Silky,HSI,38,8.44,12oz (12/cs)
CF12300-6,Intense Temporary Spray On Hair Color 60 Silver,'034044123005,13,High Beams,CF,39,4.10,2.7oz (12/cs)
CF12302-6,Beams Intense Temporary Spray On Hair Color 20 Black,'034044123029,2,High Beams,CF,39,4.10,2.7oz (12/cs)
CF12303-6,Intense Temporary Spray On Hair Color 40 Burgundy,'034044123036,11,High Beams,CF,39,4.10,2.7oz (12/cs)
CF12305-6,Intense Temporary Spray On Hair Color 50 Blonde,'034044123050,12,High Beams,CF,39,4.10,2.7oz (12/cs)
CF12306-6,Intense Temporary Spray On Hair Color 31 Brown,'034044123067,10,High Beams,CF,39,4.10,2.7oz (12/cs)
CF12308-6,Intense Temporary Spray On Hair Color 30 Brown Black,'034044123081,8,High Beams,CF,39,4.10,2.7oz (12/cs)
CF12308-6,Intense Temporary Spray On Hair Color 30 Brown Black,'034044123081,9,High Beams,CF,39,4.10,2.7oz (12/cs)
CF12311-6,Intense Temporary Spray On Hair Colour Honey Blonde,'034044123111,15,High Beams,CF,39,4.10,80ml (12/cs)
CF12317-6,Color Thickener Temporary Spray-On Hair - Black,'034044123173,4,High Beams,CF,39,4.10,2.7oz (12/cs)
CF12319-6,Color Thickener Temporary Spray-On Hair,'034044123197,3,High Beams,CF,39,4.10,2.7oz (12/cs)
CF12321-6,"Intense Temporary Spray Hair Color, 21 Wicked White",'034044123210,7,High Beams,CF,39,3.60,2.7oz (12/cs)
CF12322-6,Beam Temporary Spray On Hair Color,'034044123227,1,High Beams,CF,39,3.60,2.7oz (12/cs)
CF12323-6,Intense Temporary Spray - 23 Blue Hair Color,'034044123234,6,High Beams,CF,39,3.60,2.7oz (12/cs)
CF00088-6,Root Cover-Up Temporary Spray - 36 Black,'034044000887,16,High Beams,CF,39,4.10,2.7oz (6/cs)
CF00087-6,Intense Spray-on Hair Color,'034044000870,5,High Beams,CF,39,4.10,2.7oz (6/cs)
CF00084-6,"Intense Temporary Spray-On Hair Color, Black Indigo",'034044000849,14,High Beams,CF,39,4.10,2.7oz (6/cs)
CF400147-6,Lilac #45,'034044001471,17,High Beams,CF,39,4.10,2.7oz
CF400148-6,Rose #47,'034044001488,18,High Beams,CF,39,4.10,2.7oz
FK14537,Sunflower Mega Care Castor Oil Premium Natural Hair Oil,'711716145373,32,Difeel,FK,40,1.65,2.5oz
FK14504,Natural Olive Premium Hair Oil,'711716145045,27,Difeel,FK,40,1.59,2.5oz
FK14501,Premium Natural Argan Hair Oil,'711716145014,28,Difeel,FK,40,1.65,2.5oz
FK02042-6,Pro-Growth Biotin Conditioner for Hair Growth and Strength,'711716020427,11,Difeel,FK,40,5.49,33.8oz
FK02043,Pro Growth Shampoo Biotin,'711716020434,3,Difeel,FK,40,3.42,12oz
FK02044,Biotin Pro-Growth Conditioner for Hair Growth,'711716020441,8,Difeel,FK,40,3.42,12oz
FK14574-6,Premium Biotin Hair Growth Oil,'711716145748,22,Difeel,FK,40,2.14,75ml
FK14656,"99% Natural Hair Care Solutions, Pro-growth",'711716146561,18,Difeel,FK,40,1.65,2.5oz
FK05192,"Batana Shampoo, Sulfate-Free",'021959051929,1,Difeel,FK,40,3.42,12oz
FK05195,Batana Conditioner #250,'021959051950,6,Difeel,FK,40,3.42,12oz
FK05203,Batana Leave-in Conditioning Spray,'021959052032,7,Difeel,FK,40,4.50,12oz
FK02138,Superior Growth Jamaican Black Castor Shampoo,'711716021387,5,Difeel,FK,40,3.42,12oz
FK02139,Superior Growth Jamaican Black Castor Conditioner,'711716021394,15,Difeel,FK,40,3.42,12oz
FK7140-36,Biotin Hot Oil Hair Treatment,'711716071405,17,Difeel,FK,40,5.94,45ml
FK7142-36,Hot Oil Hair Treatment With Jamaican Black Castor Oil,'711716071429,19,Difeel,FK,40,5.94,1.5oz
FK7144-36,Hot Oil Hair Treatment With Tea Tree Oil,'711716071443,21,Difeel,FK,40,5.94,1.5oz
FK7150-36,Hot Oil Hair Treatment - Rosemary & Mint (/36pc) #209,'711716071504,20,Difeel,FK,40,5.94,1.5oz
FK31505,Rosemary Mint Strengthening Shampoo With Biotin,'711716315059,4,Difeel,FK,40,3.42,12oz
FK31506,Rosemary Mint Hair Strengthening Conditioner With Biotin,'711716315066,14,Difeel,FK,40,3.42,
FK31510,Rosemary And Mint Leave-In Conditioning Spray With Biotin,'711716315103,13,Difeel,FK,40,4.03,6oz
FK32207,Peppermint Scalp Care Hair Leave In Conditioning Spray,'711716322071,10,Difeel,FK,40,4.03,
FK32224,Pro Growth Biotin Leave In Conditioning Spray,'711716322248,12,Difeel,FK,40,4.03,6oz
FK32225,Superior Growth Jamaican Black Castor Leave-in Spray,'711716322255,16,Difeel,FK,40,4.03,6oz
FK34121,Nature Olive Hand And Body Lotion,'711716341218,36,Difeel,FK,40,4.69,16.89oz
FK81047,Peppermint Scalp Care Shampoo,'711716810479,2,Difeel,FK,40,3.42,12oz
FK81048,Peppermint Scalp Care Conditioner,'711716810486,9,Difeel,FK,40,3.42,
FK05051,Batana Premium Hair Oil,'021959060518,23,Difeel,FK,40,1.65,2.5oz
FK14503,Sunflower Premium Jojoba Natural Hair Oil,'711716145038,33,Difeel,FK,40,1.65,2.5oz
FK14505,Premium Natural Shea Butter Hair Oil,'711716145052,30,Difeel,FK,40,1.59,75ml
FK14506,Sunflower Natural Tea Tree Premium Hair Oil,'711716145069,35,Difeel,FK,40,1.59,75ml
FK14507,Sunflower Premium Vitamin E Natural Hair Oil,'711716145076,34,Difeel,FK,40,1.59,2.5oz
FK14508,Natural Coconut Premium Hair Oil,'711716145083,25,Difeel,FK,40,1.65,
FK14536,Sunflower Carrot Premium Natural Hair Oil,'711716145366,31,Difeel,FK,40,1.65,2.5oz
FK14541,"Premium Natural Hair Care Oil, Peppermint",'711716145410,29,Difeel,FK,40,1.65,
FK14552,99% Natural Jamaican Black Castor Premium Hair Oil,'711716145526,26,Difeel,FK,40,1.65,2.5oz
FK14652,99 Natural Hair Care Solutions- Hydrate,'711716146523,37,Difeel,FK,40,1.65,2.5oz
FK14701,99% Natural Blend Premium Hair Oil - Rosemary,'711716147018,24,Difeel,FK,40,1.65,
HT101,Bump Stopper Sensitive Skin Treatment,'043429003030,1,High Time Hollywood Beauty,HI,41,2.65,0.5oz
HT121,"Razor Bump Treatment, Double Strength",'043429110004,2,High Time Hollywood Beauty,HI,41,3.35,0.5oz
JM350A,Extra Conditioning Dark Hold Styling Gel,'021306213505,21,Isoplus,ISO,42,1.77,6oz (12/cs)
JM12212,Batana Oi,'021306122128,56,Isoplus,ISO,42,4.12,
JM044A,24-7 Leave-In Conditioner,'021306210443,13,Isoplus,ISO,42,2.99,10oz
JM036A,Oil Sheen Protective Hair Spray,'021306211365,37,Isoplus,ISO,42,4.12,
JM507A,Foam Styling Wrap Firm Hold,'021306215073,26,Isoplus,ISO,42,2.06,10oz
JM043-24,Hair Polisher,'021306370437,59,Isoplus,ISO,42,3.69,4oz
JM055,Styling Dark Gel,'021306210559,23,Isoplus,ISO,42,2.35,16oz (12/cs)
JM001A,Styling Gel Clear Bonus,'021306210016,25,Isoplus,ISO,42,1.76,6oz (12/cs)
JM058,Styling Gel - Clear,'021306210580,24,Isoplus,ISO,42,2.35,16oz (12/cs)
JM019,Style Gel Light Bonus,'021306210191,22,Isoplus,ISO,42,1.76,6oz (12/cs)
JM149,Lemon Grass Oil Hair & Scalp Conditioner,'021306211495,15,Isoplus,ISO,42,3.35,5.25oz (12/cs)
JM150,Coconut Oil With Ylang Ylang,'021306211501,35,Isoplus,ISO,42,3.24,5.25oz (12/cs)
JM154B,Castor Oil Hair/Scalp Conditioner,'021306211549,12,Isoplus,ISO,42,3.35,5.25oz (12/cs)
JM160A,Hair & Scalp Treatment,'021306211600,20,Isoplus,ISO,42,4.71,5.25oz (12/cs)
JM175,Pressing Silk Oil,'021306211754,40,Isoplus,ISO,42,3.35,5.25oz (12/cs)
JM419,Herbal Hair Food,'021306214199,58,Isoplus,ISO,42,3.39,5.25oz (12/cs)
JM174,Pressing Oil,'021306211747,39,Isoplus,ISO,42,2.89,5.25oz (12/cs)
JM405,Natural Collection Hair Freshener,'021306214052,57,Isoplus,ISO,42,3.24,2oz (12/cs)
JM409,Natural Collection Dreads/Lock Mold Cream,'021306214090,55,Isoplus,ISO,42,3.83,6oz (12/cs)
JM420,Natural Remedy Olive Oil Foaming Wrap/Set Lotion,'021306124207,28,Isoplus,ISO,42,4.24,8.5oz (12/cs)
JM426,Natural Remedy Olive Oil Sheen Conditioning Spray,'021306214267,44,Isoplus,ISO,42,3.71,7oz (12/cs)
JM070,Natural Remedy Olive Oil Sheen Conditioning Hair Spray,'021306210702,43,Isoplus,ISO,42,2.30,2oz (12/cs)
JM202,Oil Sheen Light Hair Spray With Coconut Oil,'021306122029,38,Isoplus,ISO,42,2.36,2oz (12/cs)
JM201,Coconut Oil Sheen Light Hair Spray,'021306122012,33,Isoplus,ISO,42,4.00,9oz (12/cs)
JM201,Coconut Oil Sheen Light Hair Spray,'021306122012,34,Isoplus,ISO,42,4.00,9oz (12/cs)
JM423,Tea Tree And Aloe Oil Sheen Conditioning Hair Spray,'021306214236,46,Isoplus,ISO,42,3.71,7oz (12/cs)
JM069,Natural Remedy Oil Sheen Conditioning Hair Spray,'021306210696,42,Isoplus,ISO,42,2.30,2oz (12/cs)
JM142-48,Oil Sheen Protective Hair Spray,'021306211426,36,Isoplus,ISO,42,2.24,2oz (48/cs)
JM050,"Hair Spray, Protective, Oil Sheen, Dramatic Shine",'021306210504,45,Isoplus,ISO,42,3.24,7oz (12/cs)
JM134,Extra Virgin Olive Oil Sheen Spray,'021306211341,47,Isoplus,ISO,42,4.12,11oz (12/cs)
JM041A,Hot Curler Thermal Spray,'021306210412,51,Isoplus,ISO,42,4.59,8oz (12/cs)
JM085A,Spritz Designing & Holding,'021306211853,53,Isoplus,ISO,42,4.12,10oz (12/cs)
JM092-24,Design & Hold Spritz - Original,'021306210924,49,Isoplus,ISO,42,2.65,4oz (24/cs)
JM089,Spritz Super Hold,'021306211938,54,Isoplus,ISO,42,4.12,10oz (12/cs)
JM094-24,Mini Spritz,'021306210948,52,Isoplus,ISO,42,2.65,4oz (24/cs)
JM087A,Designing & Holding Spritz Soft Hold,'021306211914,50,Isoplus,ISO,42,4.12,10oz (12/cs)
JM093-24,Design & Hold Spritz Soft Hold,'021306210931,48,Isoplus,ISO,42,2.66,4oz (24/cs)
JM082-24,Wrap Lotion,'021306210825,29,Isoplus,ISO,42,2.65,4oz (24/cs)
JM024A,Wrap Lotion Bonus,'021306210245,30,Isoplus,ISO,42,2.94,10oz (12/cs)
JM509,"Foaming Wrap/Set Lotion, Firm Hold",'021306215097,27,Isoplus,ISO,42,4.41,8.5oz (12/cs)
JM427,Natural Remedy Orange Cleanse Shampoo,'021306214274,6,Isoplus,ISO,42,3.25,16oz (12/cs)
JM428,Natural Remedy Orange Conditioner,'021306214281,16,Isoplus,ISO,42,3.06,16oz (12/cs)
JM056,Neutralizing Shampoo Conditioner,'021306210566,4,Isoplus,ISO,42,2.95,16oz (12/cs)
JM029,Neutralizing Shampoo + Conditioner,'021306210290,3,Isoplus,ISO,42,1.65,8oz (12/cs)
JM048,Hair Care Instant Conditioner,'021306210481,10,Isoplus,ISO,42,3.82,16oz (12/cs)
JM049,Conditioning Shampoo,'021306210498,1,Isoplus,ISO,42,2.95,16oz (12/cs)
JM132,Extra Virgin Olive Oil Shampoo,'021306211327,7,Isoplus,ISO,42,3.41,16oz (12/cs)
JM133,Extra Virgin Olive Oil Conditioner,'021306211334,17,Isoplus,ISO,42,3.41,16oz (12/cs)
JM206,Anti-Breakage Deep Repair Hair Conditioner,'021306122067,8,Isoplus,ISO,42,1.09,1.75oz
JM203,Anti-Breakage Deep Repair Conditioner With Coconut Oil,'021306122036,9,Isoplus,ISO,42,3.29,16oz (6/cs)
JM204,Leave-In Conditioner With Coconut & Shea Butter,'021306122043,14,Isoplus,ISO,42,3.29,13.5oz (6/cs)
JM205,Deep Cleanse Shampoo With Coconut Oil & Shea Butter,'021306122050,2,Isoplus,ISO,42,3.29,13.5oz (6/cs)
JM211-6,Neutralizing Shampoo + Conditioner With Coconut Oil,'021306062110,5,Isoplus,ISO,42,2.65,16oz (6/cs)
JM209,Black Castor Oil Sheen Spray,'021306122098,32,Isoplus,ISO,42,4.00,9oz
JM207,Black Castor & Coconut Hair And Scalp Therapy Oil,'021306122074,19,Isoplus,ISO,42,4.12,4oz (12/cs)
JM208-6,Black Castor Coconut Oil Hair & Scalp Conditioner,'021306122081,11,Isoplus,ISO,42,3.53,5.25oz (12/cs)
JM12440,Caffeine Growth Oil,'021306274407,18,Isoplus,ISO,42,4.12,4oz (12/cs)
JM60460-6,Caffeine Anti-Thinning Serum,'021306274605,31,Isoplus,ISO,42,4.12,4oz (8/cs)
JM155,100% Pure Castor Scalp Oil,'021306121558,41,Isoplus,ISO,42,3.41,4oz (12/cs)
PP29020-6,Rasta Locks Twist Locking Hair Gel,'714924290002,30,Jamaican Mango & Lime,JML,43,4.19,6oz (6/cs)
PP29020-6,Locking Gel,'714924290200,23,Jamaican Mango & Lime,JML,43,4.19,6oz (6/cs)
PP29050-6,Lock Gro,'714924290507,14,Jamaican Mango & Lime,JML,43,4.19,6oz (6/cs)
PP29080-6,Rasta Locks Twist Locking Creme Wax,'714924290804,29,Jamaican Mango & Lime,JML,43,4.19,5.5oz (8/cs)
PP29030-6,Island Scalp Oil,'714924290309,50,Jamaican Mango & Lime,JML,43,4.19,8oz
PP29066-6,Tingle Shampoo,'714924290668,4,Jamaican Mango & Lime,JML,43,6.48,16oz (6/cs)
PP02258-6,Black Castor Oil Rosemary,'714924022580,47,Jamaican Mango & Lime,JML,43,5.71,4oz
PP02265-6,Black Castor Oil Papaya,'714924022658,44,Jamaican Mango & Lime,JML,43,5.71,4oz (6/cs)
PP81019-6,M&L Extra Hold Braid Gel,'746817810196,25,Jamaican Mango & Lime,JML,43,5.39,8oz (6/cs)
PP81016-6,Quick Easy Braid Takedown,'746817810165,64,Jamaican Mango & Lime,JML,43,5.39,8oz
PP81935-24,Mango Lime - Mega Firm 5-N-1 Loc Down Gel,'746817810332,26,Jamaican Mango & Lime,JML,43,1.59,
PP81034-6,Byw Ex 5in1 Loc Down,'746817810349,63,Jamaican Mango & Lime,JML,43,8.99,
PP81925-24,Mango & Lime Tingle Shampoo,'746817819250,2,Jamaican Mango & Lime,JML,43,1.59,2oz
PP81926-24,Protein Conditioner,'746817819267,11,Jamaican Mango & Lime,JML,43,1.59,
PP81928-24,Byw Dry Wash,'746817819281,6,Jamaican Mango & Lime,JML,43,1.59,
PP81929-24,Island Oil,'746817819298,49,Jamaican Mango & Lime,JML,43,1.59,
PP81932-24,No More Itch Gro Spray #103,'746817819328,17,Jamaican Mango & Lime,JML,43,1.59,2oz
PP81987-6,Boho Detangler Leave In Conditioner,'746817819786,7,Jamaican Mango & Lime,JML,43,5.39,
PP29010-6,Locking Gel,'714924290101,24,Jamaican Mango & Lime,JML,43,6.48,16oz (6/cs)
PP29093-6,"Rasta Locking Gel, Resistant Formula",'714924290934,28,Jamaican Mango & Lime,JML,43,4.19,6oz (6/cs)
PP29302-6,Resistant Formula Locking Hair Gel,'714924293027,33,Jamaican Mango & Lime,JML,43,6.48,16oz (6/cs)
PP29055-6,Lock Gro,'714924290552,15,Jamaican Mango & Lime,JML,43,6.48,16oz (6/cs)
PP29085-6,Locking Creme Wax,'714924290859,22,Jamaican Mango & Lime,JML,43,6.48,13.5oz (6/cs)
PP29401-6,Resistant Formula Locking Firm Wax,'714924294017,31,Jamaican Mango & Lime,JML,43,4.19,6oz (6/cs)
PP29402-6,Resistant Formula Locking Firm Wax,'714924294024,32,Jamaican Mango & Lime,JML,43,6.48,16oz (6/cs)
PP29407-6,Shea Butter Conditioning Shine,'714924294079,60,Jamaican Mango & Lime,JML,43,4.19,5.5oz (6/cs)
PP29405-6,No More Itch Cool Scalp Braid Twist Lock Gel,'714924294055,27,Jamaican Mango & Lime,JML,43,4.19,222g (6/cs)
PP29097-6,Cactus Gro Treatment,'714924290972,13,Jamaican Mango & Lime,JML,43,4.19,6oz (6/cs)
PP29098-6,Cactus Oil Serum,'714924290989,36,Jamaican Mango & Lime,JML,43,4.19,4oz
PP29095-6,Cactus Oil,'714924290958,35,Jamaican Mango & Lime,JML,43,4.19,4oz
PP29304-6,Shine Aloe,'714924293041,65,Jamaican Mango & Lime,JML,43,5.65,4oz (6/cs)
PP29060-6,Tingle Shampoo,'714924290606,3,Jamaican Mango & Lime,JML,43,4.19,410g (6/cs)
PP29070-6,Protein Conditioner,'714924290705,12,Jamaican Mango & Lime,JML,43,4.19,(6/cs)
PP29076-6,Protein Conditioner,'714924290767,10,Jamaican Mango & Lime,JML,43,6.48,16oz (6/cs)
PP29096-6,Cactus Leave In Moisturizer,'714924290965,8,Jamaican Mango & Lime,JML,43,4.19,8oz (6/cs)
PP29094-6,Shea Butter Lotion,'714924290941,61,Jamaican Mango & Lime,JML,43,4.19,8oz (6/cs)
PP29404-6,Braid Twist Remover,'714924294048,57,Jamaican Mango & Lime,JML,43,5.73,8oz (6/cs)
PP29040-6,Rasta No More Itch Gro Spray,'714924290408,19,Jamaican Mango & Lime,JML,43,4.19,8oz (6/cs)
PP29042-6,No More Itch Gro Spray,'714924290422,16,Jamaican Mango & Lime,JML,43,6.48,16oz (6/cs)
PP29041-6,Maximum Relief No More Itch Spray Mentholated,'714924290415,58,Jamaican Mango & Lime,JML,43,4.19,8oz (6/cs)
PP29043-6,No More Itch Gro Spray Maximum Relief,'714924290439,18,Jamaican Mango & Lime,JML,43,6.48,16oz (6/cs)
PP29300-6,Lock Set Styling Lotion,'714924293003,59,Jamaican Mango & Lime,JML,43,4.19,8oz
PP29406-6,Sproil Spray Oil For Hair,'714924294062,55,Jamaican Mango & Lime,JML,43,4.19,6oz (6/cs)
PP29409-6,Braid Twist Lock Gel,'714924294093,20,Jamaican Mango & Lime,JML,43,6.48,16oz (6/cs)
PP29420-6,Black Wax,'714924294208,34,Jamaican Mango & Lime,JML,43,4.19,233g (6/cs)
PP02255-6,"Pure Castor Oil, Black, Original",'714924022559,54,Jamaican Mango & Lime,JML,43,5.71,4oz (6/cs)
PP02256-6,Black Castor Oil Extra Dark,'714924022566,38,Jamaican Mango & Lime,JML,43,5.71,4oz (8/cs)
PP02257-6,Black Castor Oil Lavender,'714924022573,41,Jamaican Mango & Lime,JML,43,5.71,4oz (8/cs)
PP02261-6,"Black Castor Oil, Pure Coconut",'714924022610,46,Jamaican Mango & Lime,JML,43,5.71,4oz (6/cs)
PP02262-6,Black Castor Oil Sulfate Free Shampoo,'714924022627,1,Jamaican Mango & Lime,JML,43,4.99,8oz (8/cs)
PP02263-6,Black Castor Oil Conditioner,'714924022634,9,Jamaican Mango & Lime,JML,43,4.99,(6/cs)
PP02286-6,Black Castor Oil,'714924022863,39,Jamaican Mango & Lime,JML,43,5.71,4oz
PP02206-6,"Jamaican & Black Castor Oil, Argan",'746817820065,51,Jamaican Mango & Lime,JML,43,3.36,2oz (24/cs)
PP02206-6,"Jamaican & Black Castor Oil, Argan",'746817820065,52,Jamaican Mango & Lime,JML,43,3.36,2oz (24/cs)
PP02287-6,Jam. Black Castor Oil Amla,'714924022870,21,Jamaican Mango & Lime,JML,43,5.71,4oz (6/cs)
PP02288-6,Black Castor Oil Lemon Grass,'714924022887,42,Jamaican Mango & Lime,JML,43,5.71,4oz (8/cs)
PP02289-6,M&L Black Castor Oil Tea Tree,'714924022894,53,Jamaican Mango & Lime,JML,43,5.71,118ml (6/cs)
PP02295-6,"Black Castor Oil, Peppermint",'714924022955,45,Jamaican Mango & Lime,JML,43,5.71,4oz (6/cs)
PP02200-6,"Black Castor Oil, Original",'746817820003,43,Jamaican Mango & Lime,JML,43,3.36,2oz (4/cs)
PP02201-6,Black Castor Oil Extra Dark,'746817820010,37,Jamaican Mango & Lime,JML,43,3.36,2oz (4/cs)
PP02202-6,Black Castor Oil Coconut,'746817820027,40,Jamaican Mango & Lime,JML,43,3.18,2oz (4/cs)
PP81017-6,Braids Your Way! Braid Refresher,'746817810172,62,Jamaican Mango & Lime,JML,43,5.39,344g
PP81018-6,Braids Your Way Foam Refresh Dry Wash,'746817810189,5,Jamaican Mango & Lime,JML,43,5.39,8oz (6/cs)
PP02259-6,Black Castor Oil Skin Hair Butter,'714924022597,48,Jamaican Mango & Lime,JML,43,6.00,6oz
PP02296-6,Vitamins A D E Black Castor Oil,'714924022962,56,Jamaican Mango & Lime,JML,43,5.71,4oz (6/cs)
SOJ37400-6,Texture Softener System,'802535374003,20,Just For Me,JFM,44,5.99,(6/cs)
SOJ37200-6,No Lye Conditioning Creme Relaxer Kit Regular,'802535372009,1,Just For Me,JFM,44,5.25,(6/cs)
SOJ37300-6,No-lye Conditioning Creme Relaxer Super Kit,'802535373006,2,Just For Me,JFM,44,5.25,226g
SOJ36013-6,"Shampoo, Sulfate-Free Moisturesoft, Natural Hair Milk",'802535360136,4,Just For Me,JFM,44,4.41,13.5oz (6/cs)
SOJ36213-6,Natural Hair Milk Silkening Conditioner,'802535362130,8,Just For Me,JFM,44,4.41,13.5oz (6/cs)
SOJ36710-6,Natural Hair Milk Oil Moisturizing Lotion,'802535367104,11,Just For Me,JFM,44,4.39,10oz (6/cs)
SOJ37008-6,Natural Hair Milk Curl Smoother,'802535370081,17,Just For Me,JFM,44,4.42,9oz (6/cs)
SOJ36606-6,Hair Milk Soothing Scalp Balm Jar,'802535366060,19,Just For Me,JFM,44,4.39,6oz (6/cs)
SOJ36906-6,Natural Hair Milk Smoothing Edges Creme,'802535369061,18,Just For Me,JFM,44,4.41,6oz (6/cs)
SOJ36310-6,Natural Hair Milk Hydrate & Protect Leave-in Conditioner,'802535363106,6,Just For Me,JFM,44,4.41,10oz (6/cs)
SOJ36310-6,Natural Hair Milk Leave in Detangler,'802535365100,7,Just For Me,JFM,44,4.41,295ml (6/cs)
SOJ433878-6,Curl Peace Ultimate Detangling Shampoo,'802535433878,3,Just For Me,JFM,44,4.34,12oz (6/cs)
SOJ907188-6,Curl Peace Ultimate Detangling Conditioner,'802535907188,5,Just For Me,JFM,44,4.34,12oz (6/cs)
SOJ299856-6,Curl Peace Kids 5-in-1 Wonder Spray,'802535299856,13,Just For Me,JFM,44,4.34,8oz (6/cs)
SOJ357518-6,Defining Curl Coil Cream,'802535357518,16,Just For Me,JFM,44,4.41,12oz (6/cs)
SOJ874435-6,Curl Peace Tender Head Detangling Treatment,'802535874435,9,Just For Me,JFM,44,4.34,12oz (6/cs)
SOJ902855-6,Curl Peace Nourishing Hair & Scalp Butter,'802535902855,15,Just For Me,JFM,44,4.34,4oz (6/cs)
SOJ655034-6,Curl Peace Braiding & Twisting Grip Glaze - 156gr,'802535655034,12,Just For Me,JFM,44,4.34,5.5oz (6/cs)
SOJ570863-6,Curl Peace Kids Smoothing Ponytail & Edge Control,'802535570863,10,Just For Me,JFM,44,,5.5oz (6/cs)
SOJ666504-6,Curl Peace Nourishing & Defining Slime Styler,'802535666504,14,Just For Me,JFM,44,4.34,12oz (6/cs)
CM04321,"Easy Comb-in Gray Hair Color With Applicator, Rich Black, A-65",'011509010797,10,Just For Men,JFM,45,7.29,
CM04943,Original Formula Darkest Brown/Black Hair Colour,'011509011800,13,Just For Men,JFM,45,7.29,
CM04319,"Easy Comb-In Color, Hair Coloring With Comb Applicator - Darkest Brown, A-50",'011509043191,11,Just For Men,JFM,45,7.29,
CM04944,"Original Formula Men's Hair Color, Deep Dark Brown",'011509049445,6,Just For Men,JFM,45,7.29,
CM04931,Shampoo-in Color Gray Hair Coloring H-50 Darkest Brown,'011509049315,2,Just For Men,JFM,45,7.29,(12/cs)
CM04936,Shampoo in Hair Color H-60 Jet Black,'011509049360,3,Just For Men,JFM,45,7.29,(12/cs)
CM04935,Real Black H 55 Shampoo in Color,'011509049353,1,Just For Men,JFM,45,7.29,(12/cs)
CM04942,"Shampoo in Color, Rich Dark Brown H 47",'011509049421,4,Just For Men,JFM,45,7.29,(12/cs)
CM04901,Mustache & Beard #M-50 Darkest Brown Color Gel,'011509049018,9,Just For Men,JFM,45,10.29,(12/cs)
CM04906,"Color Gel Mustache, Beard & Sideburns 115 Jet Black",'011509049063,7,Just For Men,JFM,45,10.29,(12/cs)
CM04905,Mustache & Beard Color Gel - Real Black,'011509049056,8,Just For Men,JFM,45,10.29,(12/cs)
CM04912,Mustache & Beard Rich Dark Brown,'011509049124,15,Just For Men,JFM,45,10.29,(12/cs)
CM04913,"Mustache & Beard Brush-in Color, Deep Dark Brown M-46",'011509049131,5,Just For Men,JFM,45,10.29,(12/cs)
CM04313,Real Black A 55 Easy Comb in Color,'011509043139,14,Just For Men,JFM,45,7.29,(12/cs)
CM04320,Easy Comb-in Color Gray Hair Coloring with Comb Applicator Jet Black A-60,'011509043207,12,Just For Men,JFM,45,7.29,
CM04105,"Women's Minute Permanent Hair Color, Black Noir",'011509041050,4,Just 5,J5,46,6.59,(12/cs)
CM04131,"Women's Minute Permanent Hair Color, Darkest Brown",'011509041319,2,Just 5,J5,46,6.59,(12/cs)
CM04132,"Women's Minute Permanent Hair Color, Jet Black",'011509041326,3,Just 5,J5,46,6.59,(12/cs)
CM04130,5-Min for Women Permanent Hair Color Rich Auburn,'011509041302,1,Just 5,J5,46,6.59,(12/cs)
CM04133,"Women's Minute Permanent Hair Color, Rich Black",'011509041333,5,Just 5,J5,46,6.59,(12/cs)
KLD2326,Miracle Drops / Original,'856633008001,4,Kaleidoscope,KAL,47,11.29,2oz (12/cs)
KLD2262,Da Brat So Slick Braid Grip Hair Gel,'850036862062,3,Kaleidoscope,KAL,47,9.99,8oz
KLD0080-6,Miracle Drops Shampoo,'856633008865,1,Kaleidoscope,KAL,47,7.99,
KLD00809-6,Miracle Drops Conditioner,'856633008872,2,Kaleidoscope,KAL,47,7.99,
KLD2327,Miracle Drops Extra Strength,'856633008605,5,Kaleidoscope,KAL,47,11.29,2oz
AG54502-6,Curl Max Twisty Curly Spray,'074208545021,3,Lekair,LIA,48,4.71,8oz
KL9737,Locs Braids & Edges Gel,'0743690397370,2,Lekair,LIA,48,3.95,8oz
KL9665-6,Cholesterol Plus Strengthening & Conditioning Cream,'743690396656,1,Lekair,LIA,48,3.39,24oz (8/cs)
AT61557-6,Shining & Conditioning Gel Regular Hold,'072790615573,2,Let's Jam,LJ,49,5.49,14oz (6/cs)
AT61555-6B,Shining & Conditioning Gel - Regular Hold,'072790790577,1,Let's Jam,LJ,49,,4oz (6/cs)
AT61566-6,"Shining and Conditioning Hair Gel, Extra Hold",'072790615665,3,Let's Jam,LJ,49,5.49,14oz (6/cs)
AT61565-6,Shining & Conditioning Gel - Extra Hold,'072790790584,4,Let's Jam,LJ,49,2.79,
KL373-6,Activator Gel Regular,'070596003730,1,Long Aid,LAI,50,5.35,2.4oz (24/cs)
AM10368-6,Curl Activator Gel Extra Dry,'077312103682,2,Long Aid,LAI,50,6.18,32oz (6/cs)
LRL370,Quick Blue Bleach Powder Packet,'657201080081,3,L'Oreal,LOR,51,,1oz
LRL50024,"Excellence Hicolor, Red Magenta Highlights",'657201051012,2,L'Oreal,LOR,51,4.29,1.2oz (12/cs)
LRL109,"Effasol Color Remover, Leaves Hair Ready For Recoloring, 1 Packet",'657201080043,1,L'Oreal,LOR,51,3.59,
RL44839,Milk & Honey Refine Me Curl Defining Mousse,'075724448391,8,Lottabody,LOT,52,3.53,207ml
RL013008,Setting Lotion Concentrated Formula,'075724130081,9,Lottabody,LOT,52,4.33,226g
RL013016,Setting Lotion Concentrated Formula,'075724130166,10,Lottabody,LOT,52,5.99,15oz (12/cs)
RL013032,Setting Lotion Concentrated Formula,'075724130326,11,Lottabody,LOT,52,7.76,32oz (12/cs)
RL08399,Coconut Shea Oils Moisturize Me Curl And Style Milk,'075724083998,13,Lottabody,LOT,52,3.10,236ml (12/cs)
RL08401,Coconut & Shea Oils Control Me Edge Gel,'075724084018,3,Lottabody,LOT,52,2.74,2.25oz (6/cs)
RL18305,"Coconut Oil And Shea Wrap Me Foaming Curl Mousse, Creates Soft Wraps, Hair Mousse For Curly Hair, Defines Curls, Anti Frizz",'075724183056,7,Lottabody,LOT,52,3.09,7oz
RL631083,Style Me Texturizing Setting Lotion,'075724631083,12,Lottabody,LOT,52,2.34,8oz (12/cs)
RL19903,Love Me 5 In 1 Miracle Styling Creme,'075724199033,16,Lottabody,LOT,52,3.10,5.1oz (12/cs)
RL43558,Coconut & Shea Oils Control Me Edge Gel Black,'075724435582,4,Lottabody,LOT,52,3.08,2.25oz (12/cs)
RL47463,Coconut & Shea Oils Control Me Edge Gel [24HR],'075724474635,5,Lottabody,LOT,52,2.82,2.25oz (2/cs)
RL44834,Milk Honey Restore Me Cream Shampoo,'075724448346,1,Lottabody,LOT,52,3.17,10.1oz (12/cs)
RL44837,Milk & Honey Nourish Me Leave In Conditioner,'075724448377,2,Lottabody,LOT,52,3.53,8oz (12/cs)
RL00231,Milk & Honey Elongate Me Curl Stretcher,'075724002319,15,Lottabody,LOT,52,3.38,10.5oz (12/cs)
RL00230,Milk & Honey Hold Me Max Styling Gel,'075724002302,6,Lottabody,LOT,52,3.38,8.4oz (12/cs)
RL00232,Milk Honey Boost Me Curl Boosting Smoothie,'075724002326,14,Lottabody,LOT,52,3.38,5.1oz (12/cs)
LT32021,Skin Ointment,'852113001227,1,Lucky Tiger,LTI,53,6.39,4oz (12/cs)
AG54506-6,Max Curl Activator Moisturizer,'074208545069,1,Lustra Silk,LUS,54,4.71,20oz (6/cs)
CR18-6,SoftSheen Carson Light Fresh Scent Razorless Regular Strength For Normal Beards Cream Shave,'072790000188,3,Magic,MAG,55,4.26,6oz (6/cs)
CR21-6,Razorless Cream Shave Hair Removal Depilatory For Smooth Bald Head Maintenance,'072790000218,2,Magic,MAG,55,4.26,6oz (6/cs)
CR20-6,"Cream Shave, Razorless, Extra Strength, For Coarse Hair",'075285008270,1,Magic,MAG,55,4.26,6oz (6/cs)
CR12-6,SoftSheen-Carson Platinum Shaving Powder Skin Conditioning Aloe And Vitamin E,'072790000126,7,Magic,MAG,55,3.15,4.5oz (6/cs)
CR15-6,"Shave Carson Regular Strength Shaving Powder, Blue",'072790000157,5,Magic,MAG,55,3.15,5oz (6/cs)
CR11-6,Shave Shaving Powder Depilatory Fragrant,'072790000119,6,Magic,MAG,55,3.15,4.5oz (6/cs)
CR7800-24,Grooming Beard Filler Natural Black,'075285216361,4,Magic,MAG,55,5.89,1.5ml
SA54203-6,Herbal Gro Conditioner,'071409542033,22,Mane 'N Tail,MTA,56,6.89,27.05oz
SA54204-6,Color Protect Shampoo,'071409542040,4,Mane 'N Tail,MTA,56,6.89,27.05oz
SA54205-6,Color Protect Conditioner,'071409542057,17,Mane 'N Tail,MTA,56,6.89,27.05oz
SA54221-4,"Micellar Shampoo Biotin Infused, Coconut Oil",'071409542217,12,Mane 'N Tail,MTA,56,5.63,11.2oz
SA54225-4,Biotin Infused Micellar Conditioner,'071409542255,16,Mane 'N Tail,MTA,56,5.63,
SA54300-6,Gentle Clarifying Shampoo,'071409543009,8,Mane 'N Tail,MTA,56,4.09,355ml
SA54303-6,Replenish Conditioner,'071409543036,25,Mane 'N Tail,MTA,56,4.09,
SA54430-24,Mane 'n Deep Moisturizing Shampoo,'071409544303,11,Mane 'N Tail,MTA,56,1.09,60ml
SA54431-24,Mane Hair Conditioner Deep Moisturizing,'071409544310,24,Mane 'N Tail,MTA,56,1.09,60ml
SA54370-6,Braid Sheen Spray,'071409543702,29,Mane 'N Tail,MTA,56,5.33,12oz (6/cs)
SA54344-6,Detangling Hair Treatment Spray,'071409543443,27,Mane 'N Tail,MTA,56,4.69,12oz (6/cs)
SA54416-24,Shampoo,'071409544167,14,Mane 'N Tail,MTA,56,1.09,2oz (24/cs)
SA54417-24,Moisturizer – Texturizer Conditioner,'071409544174,1,Mane 'N Tail,MTA,56,1.09,60ml (24/cs)
SA54321-6,And Body Original Shampoo,'071409543214,2,Mane 'N Tail,MTA,56,4.09,12oz (8/cs)
SA54322-6,Straight Arrow Original Conditioner,'071409543221,26,Mane 'N Tail,MTA,56,4.09,12oz (8/cs)
SA54364-6,And Body Original Shampoo,'071409543641,3,Mane 'N Tail,MTA,56,6.89,32oz (8/cs)
SA54365-6,"Conditioner, Original",'071409543658,19,Mane 'N Tail,MTA,56,6.89,32oz
SA54329-6,"Shampoo, The Original, Provitamin B5, Deep Moisture",'071409543290,15,Mane 'N Tail,MTA,56,4.09,12oz
SA54325-6,"Conditioner, The Original, Provitamin B5, Deep Moisture",'071409543252,20,Mane 'N Tail,MTA,56,4.09,12oz (6/cs)
SA54200-6,Deep Moisturizing Shampoo,'071409542002,7,Mane 'N Tail,MTA,56,6.89,27oz (6/cs)
SA54200-6,Deep Moisturizing Conditioner,'071409542019,21,Mane 'N Tail,MTA,56,6.89,27oz (6/cs)
SA54334-6,Hair Dressing,'071409543344,28,Mane 'N Tail,MTA,56,3.99,5.5oz (6/cs)
SA54307-6,Herbal Gro Hair Shampoo,'071409543078,9,Mane 'N Tail,MTA,56,4.09,12oz (6/cs)
SA54310-6,Herbal Gro Conditioner,'071409543108,23,Mane 'N Tail,MTA,56,4.09,12oz (6/cs)
SA54202-6,Herbal Gro Shampoo,'071409542026,10,Mane 'N Tail,MTA,56,6.89,27oz (6/cs)
SA74400-6,Color Protect Shampoo,'071409744000,5,Mane 'N Tail,MTA,56,4.09,12oz (6/cs)
SA74403-6,Color Protect Conditioner,'071409744031,18,Mane 'N Tail,MTA,56,4.09,12oz (6/cs)
SA54441-6,Daily Control 2 In 1 Anti-Dandruff Shampoo And Conditioner,'071409544419,6,Mane 'N Tail,MTA,56,4.85,12oz (8/cs)
SA54232-4,Repair Replenish Shampoo 11.2 Fl,'071409542323,13,Mane 'N Tail,MTA,56,5.44,11.2oz
MIE606-6,Organics Babassu Oil Conditioning Sulfate-Free Shampoo,'854102006060,2,Mielle,MIE,57,8.60,8oz
MIE214-6,Avocado & Tamanu Anti-Frizz Slip & Seal Leave-In Conditioner,'850035582145,6,Mielle,MIE,57,8.60,8oz
MIE217-6,Organics Avocado & Tamanu Anti-Frizz Curl Perfector,'850035582176,30,Mielle,MIE,57,8.60,
MIE218-6,Avocado & Tamanu Anti-Frizz Stay Straight Serum,'850035582183,26,Mielle,MIE,57,8.60,6oz
MIE219-6,Organics Avocado & Tamanu Anti-Frizz Shampoo,'850035582190,1,Mielle,MIE,57,8.60,12oz
MIE220-6,Organics Avocado & Tamanu Anti-Frizz Conditioner,'850035582206,8,Mielle,MIE,57,8.60,12oz
MIE586-6,Organics Rosemary Mint Strengthening Leave-In Conditioner,'850001265867,17,Mielle,MIE,57,6.62,
MIE672.24,Organics Mongongo Oil Hydrating Conditioner,'854102006725,10,Mielle,MIE,57,,1.75oz
MIE675,Organics Rosemary Mint Strengthening Edge Gel,'854102006756,23,Mielle,MIE,57,4.63,2oz
MIE605-6,Organics Babassu Oil Mint Deep Conditioner 8 Fl,'854102006053,9,Mielle,MIE,57,9.25,
MIE619-6,Organics White Peony Leave In Conditioner,'854102006190,11,Mielle,MIE,57,8.60,8oz (6/cs)
MIE618-6,Organics Mint Almond Oil For Healthy Hair And Scalp,'854102006183,27,Mielle,MIE,57,8.60,8oz
MIE639-6,Organics Pomegranate & Honey Leave In Conditioner,'854102006398,13,Mielle,MIE,57,8.60,12oz (6/cs)
MIE638-6,Organics Pomegranate & Honey Twisting Souffle,'854102006381,33,Mielle,MIE,57,8.60,12oz (6/cs)
MIE637-6,Organics Pomegranate & Honey Curl Smoothie,'854102006374,32,Mielle,MIE,57,8.60,12oz (6/cs)
MIE636-6,Pomegranate & Honey Coil Sculpting Custard,'850001265416,35,Mielle,MIE,57,8.60,12oz (6/cs)
MIE629-6,Organics Babassu Brazilian Curly Cocktail Curl Mousse,'854102006299,24,Mielle,MIE,57,9.25,7.5oz (6/cs)
MIE627-6,Babassu Brazilian Curly Cocktail Curl Cream,'854102006275,29,Mielle,MIE,57,9.25,7.5oz (6/cs)
MIE679-6,Organics Pomegranate & Honey Shampoo,'854102006794,3,Mielle,MIE,57,8.60,12oz (6/cs)
MIE674-6,Pomegranate & Honey Curl Refreshing Spray,'854102006749,36,Mielle,MIE,57,8.60,8oz (6/cs)
MIE670-24,Organics Pomegranate & Honey Leave-in Conditioner,'854102006701,14,Mielle,MIE,57,1.33,1.75oz
MIE681-24,Organics Pomegranate & Honey Coil Sculpting Custard,'854102006817,31,Mielle,MIE,57,1.33,1.75oz
MIE671-24,Organics Pomegranate & Honey Twisting Souffle,'854102006718,34,Mielle,MIE,57,1.33,1.75oz
MIE668-24,Babassu & Mint Deep Conditioner Pouch,'841020066887,7,Mielle,MIE,57,1.33,1.75oz
MIE677-6,Organics Rosemary Mint Strengthening Shampoo,'854102006770,5,Mielle,MIE,57,6.62,12oz (6/cs)
MIE678-6,Organics Rosemary Mint Multi-Vitamin Daily Styling Cream,'854102006787,40,Mielle,MIE,57,6.62,8oz (6/cs)
MIE673,Organics Rosemary Mint Scalp & Strengthening Hair Oil,'854102006732,28,Mielle,MIE,57,6.62,2oz (12/cs)
MIE676-6,Organics Rosemary Mint Strengthening Hair Masque,'854102006763,19,Mielle,MIE,57,6.62,12oz (6/cs)
MIE523-6,Organics Rice Water Milk,'850001265232,39,Mielle,MIE,57,6.62,8oz
MIE526-6,Organics Rice Water Collection Shine Mist,'850001265263,37,Mielle,MIE,57,6.29,4oz (6/cs)
MIE532-6,Organics Rice Water Collection Hydrating Shampoo,'850001265324,4,Mielle,MIE,57,6.29,8oz (8/cs)
MIE563-6,Organics Rice Water With Aloe Deep Conditioner,'850001265638,15,Mielle,MIE,57,6.29,8oz (6/cs)
MIE255-24,Rosemary Mint Strengthening Hair Masque w/Biotin 1.75,'850035582558,21,Mielle,MIE,57,1.33,1.75oz
MIE257-24,Rosemary Mint Blend Strengthening Leave-In Conditioner,'850035582572,18,Mielle,MIE,57,1.33,1.75oz
MIE642-6,Organics Pomegranate & Honey Curl Defining Mousse With Hold,'850001265300,25,Mielle,MIE,57,6.61,7.5oz (6/cs)
MIE562,"Edge Gel, Pomegranate & Honey Blend, Super Hold",'850001265621,22,Mielle,MIE,57,4.63,2oz (12/cs)
MIE604-6,Organics Moisturizing Avocado Hair Milk,'854102006046,38,Mielle,MIE,57,8.60,8oz
MIE680-6,Organics Pomegranate & Honey Conditioner,'854102006800,12,Mielle,MIE,57,8.60,12oz (6/cs)
MIE525,Rice Water Collection Split End Therapy,'850001265256,20,Mielle,MIE,57,6.62,2oz (12/cs)
MIE565-6,Rice Water & Aloe Itch Relief,'850001265652,41,Mielle,MIE,57,6.62,4oz (6/cs)
MIE225-6,Organics Rosemary Mint Strengthening Conditioner,'850035582251,16,Mielle,MIE,57,6.62,12oz (6/cs)
UB0954-6,Essence Semi Permanent Hair Color (Lava Red 954),'746817949544,3,My DNA,DNA,58,3.09,
UB0955-6,Semi Perm Scarlet,'746817949551,2,My DNA,DNA,58,3.09,
UB0962-6,Semi Perm Cherrywood,'746817949629,1,My DNA,DNA,58,3.09,
JM824,Tea Tree Oil Sheen,'021306218241,3,Black Magic,JM,59,2.35,2oz (12/cs)
JM801,Oil Sheen Spray - African Coconut,'021306218012,2,Black Magic,JM,59,3.82,10.5oz
JM802,Oil Sheen Spray - African Cherry,'021306218029,1,Black Magic,JM,59,3.82,10.5oz
JM809,After Shave Lotion,'021306218098,4,Black Magic,JM,59,3.82,14oz
JM815,Tonic After Shave Lotion - Alcohol Free,'021306218159,6,Black Magic,JM,59,3.82,14oz
JM816,After Shave Lotion - Bay Rum,'021306218166,5,Black Magic,JM,59,3.82,14oz
SIB110,Collection Edge Control Travel Size,'860289001231,2,She Is Bomb,SIB,60,2.75,1oz
SIB130,Glazee Hair Gel,'860001677508,3,She Is Bomb,SIB,60,7.25,4oz
SIB124,Collection Goo,'860289001248,6,She Is Bomb,SIB,60,8.50,2.5oz
SIB130,"Collection Glazee For Edges, Braids, And Twist Outs",'860289001262,5,She Is Bomb,SIB,60,7.25,4oz
SIB128,Collection Edge Control,'860289001286,1,She Is Bomb,SIB,60,6.99,3.5oz
SIB129,Hair Wax Stick,'860289001293,4,She Is Bomb,SIB,60,6.99,2.7oz
NAM11023-24,Hair Mayonnaise Treatment - Travel Packet,'632169110230,32,ORS,ORS,61,1.59,1.75oz (12/2/cs)
NAM11194-6,Olive Oil Zone Targeted No-lye Hair Relaxer,'632169111947,9,ORS,ORS,61,3.98,8oz
NAM12198-6,Olive Oil Max Moisture Super Nourishing Daily Curl Creme,'632169121984,59,ORS,ORS,61,5.49,
NAM11021B,Mayonnaise,'632169123216,31,ORS,ORS,61,,
NAM21014-6,Olive Oil Relax & Restore Promote Growth Therapy Oil,'632169210145,33,ORS,ORS,61,6.37,6oz
NAM21021-6,Olive Oil Max Moisture Super Soft Style Curl Defining Mousse,'632169210213,44,ORS,ORS,61,5.49,207ml
NAM21022-6,Olive Oil Deep Cleansing Creamy Aloe Shampoo,'632169210220,14,ORS,ORS,61,5.49,473ml
NAM21025-6,Olive Oil Deep Cleansing Creamy Aloe Shampoo,'632169210251,13,ORS,ORS,61,3.61,8oz
NAM21027-6,Olive Oil Replenishing Conditioner With Sweet Orange Oil,'632169210275,29,ORS,ORS,61,3.61,8oz
NAM21079-6,Incredibly Rich Oil Moisturizing Hair Lotion,'632169210794,49,ORS,ORS,61,6.16,
NAM21101-6.,Olive Oil Texlax & Stretch Semi-Straightening System,'632169211012,7,ORS,ORS,61,,7.75oz
NAM21101-6.,Olive Oil Texlax & Stretch Semi-Straightening System,'632169211012,8,ORS,ORS,61,,7.75oz
NAM23101,"Olive Oil Braid Sheen Spray Lavender, Acai & Biotin",'632169231010,50,ORS,ORS,61,4.39,
NAM23103,Olive Oil Revitalizing Sheen Spray,'632169231034,64,ORS,ORS,61,4.39,
NAM11011,Fertilizing Serum,'632169110117,48,ORS,ORS,61,8.87,2oz (12/cs)
NAM11043,Carrot Oil Strengthening Hair Cream,'632169110438,47,ORS,ORS,61,5.66,6oz (12/cs)
NAM12011,Tea Tree Soothing Hair & Scalp Oil,'632169120116,74,ORS,ORS,61,3.75,5.5oz (12/cs)
NAM12014,Roots Coconut Oil Hair & Scalp Condition,'632169120147,73,ORS,ORS,61,3.99,5.5oz
NAM11032,"Organic Root Stimulator Lock And Twist Gel, Jar",'632169110322,42,ORS,ORS,61,3.98,13oz (12/cs)
NAM11038-6,Lock & Twist Gel,'632169110384,37,ORS,ORS,61,9.34,670g (6/cs)
NAM11041,Organic Root Tea Tree Oil Anti Bump Spray,'632169110414,72,ORS,ORS,61,4.70,4oz (12/cs)
NAM11034,Organic Root Stimulator Tea Tree Oil Anti-Bump Lotion,'632169110346,71,ORS,ORS,61,5.50,4oz (12/cs)
NAM19169-6,Olive Oil Girls Texture Softening System Kit,'632169191697,54,ORS,ORS,61,5.50,(6/cs)
NAM11155-6,Olive Oil Girls No-Lye Conditioning Hair Relaxer System Kit,'632169191550,3,ORS,ORS,61,5.99,
NAM11157-6,Olive Oil Girls - Hair And Scalp Lotion,'632169191574,53,ORS,ORS,61,4.34,8.5oz (6/cs)
NAM11156-6,Olive Oil Girls Healthy Style Hair Pudding,'632169191567,52,ORS,ORS,61,4.70,13oz (6/cs)
NAM11153-6,Olive Oil Girls Moisture Rich Conditioner,'632169191536,24,ORS,ORS,61,3.54,13oz (8/cs)
NAM11154-6,Olive Oil Girls Leave In Conditioning Detangler,'632169191543,23,ORS,ORS,61,3.54,8.5oz (6/cs)
NAM11151-6,Olive Oil Girls Fly-Away Taming Hair Gel,'632169191512,40,ORS,ORS,61,4.27,5oz (6/cs)
NAM11152-6,Olive Oil Girls Gentle Cleanse Shampoo,'632169191529,15,ORS,ORS,61,3.54,13oz (6/cs)
NAM11099,Olive Oil Built In Protection No Lye Extra Strength Hair Relaxer Kit,'632169110995,1,ORS,ORS,61,6.59,(12/cs)
NAM11098,Organic Root Stimulator Olive Oil No Lye Relaxer Kit Medium Hair - Normal,'632169110988,11,ORS,ORS,61,6.59,(12/cs)
NAM11195-6,Olive Oil Curl Stretching Texturizer Kit,'632169111954,2,ORS,ORS,61,5.49,272g
NAM11102,Olive Oil Moisture Restore Creamy Aloe Shampoo,'632169111022,17,ORS,ORS,61,4.69,12.5oz (12/cs)
NAM11079,Olive Oil Incredibly Rich Moisturizing Hair Lotion,'632169110797,57,ORS,ORS,61,4.69,8.5oz (12/cs)
NAM11108,Olive Oil Conditioner Replenishing,'632169111084,22,ORS,ORS,61,4.85,12.25oz (12/cs)
NAM11107,Organic Root Stimulator Hair Mousse - Olive Oil Wrap & Set,'632169111077,46,ORS,ORS,61,4.99,7oz (12/cs)
NAM11166-24,Organic Root Stimulator Olive Oil Creamy Aloe Shampoo,'632169111664,20,ORS,ORS,61,1.00,1.75oz (2/cs)
NAM11044,Organic Root Stimulator Olive Oil Creme Hair Dress,'632169110445,68,ORS,ORS,61,5.99,6oz (12/cs)
NAM11700,Olive Oil Sheen Nourishing Spray Original,'632169117000,66,ORS,ORS,61,4.39,11.7oz (12/cs)
NAM11700,Olive Oil Sheen Nourishing Spray Original,'632169117000,67,ORS,ORS,61,4.39,11.7oz (12/cs)
NAM11176,Organic Root Stimulator - Olive Oil Edge Control Hair Gel,'632169111763,43,ORS,ORS,61,4.27,2.25oz (12/cs)
NAM11164,Organic Root Stimulator Olive Oil Smooth N Hold Pudding,'632169111640,70,ORS,ORS,61,5.49,13oz (12/cs)
NAM11114,Olive Oil Glossing Hair Polisher - Frizz Control & Shine,'632169111145,55,ORS,ORS,61,6.73,6oz (12/cs)
NAM11163,Olive Oil Heat Protection Hair Serum,'632169111633,56,ORS,ORS,61,6.76,6oz
NAM11121,"Organic Root Stimulator Olive Oil Creme Relaxer, Extra Strength",'632169111213,10,ORS,ORS,61,6.73,18.75oz (12/cs)
NAM11120,Olive Oil Professional Creme Relaxer Jar Normal Strength,'632169111206,6,ORS,ORS,61,6.73,18.75oz (12/cs)
NAM11144-6,Olive Oil Professional Neutralizing Shampoo,'632169111442,18,ORS,ORS,61,7.89,33oz (6/cs)
NAM11124-6,Olive Oil Moisturizing Hair Lotion,'632169111244,60,ORS,ORS,61,10.28,24oz (6/cs)
NAM11145-6,Olive Oil Professional Replenishing Conditioner,'632169111459,27,ORS,ORS,61,10.28,33.8oz (6/cs)
NAM11525,Olive Oil Sheen Nourishing Spray,'632169115259,65,ORS,ORS,61,2.38,2.7oz (12/cs)
NAM11092-6,Olive Oil New Growth Extra Strength Hair Relaxer,'632169110926,5,ORS,ORS,61,3.99,
NAM11091-6,Olive Oil New Growth No-Lye Hair Relaxer Kit,'632169110919,4,ORS,ORS,61,3.99,27.22g (6/cs)
NAM11703-6,Olive Oil 2-n-1 Heat Defense & Shine Mist,'632169117031,61,ORS,ORS,61,5.99,4.6oz (6/cs)
NAM11183-24,Olive Oil Edge Control Hair Gel Stick,'632169111831,38,ORS,ORS,61,,2.25oz (6/cs)
NAM11184-6,Olive Oil Sulfate Free Shampoo - Hydrating,'632169111848,19,ORS,ORS,61,4.99,12.5oz (8/cs)
NAM11803-4,Olive Oil Fix-It Super Hold Spray,'632169118038,51,ORS,ORS,61,4.51,6.75oz (4/cs)
NAM11800-4,Olive Oil Fix-IT Ultra Hold Wig Grip Gel,'632169118007,39,ORS,ORS,61,4.40,5oz
NAM21806-6,Olive Oil Max Moisture Daily Styling Lotion,'632169121809,58,ORS,ORS,61,5.50,12.5oz (6/cs)
NAM21028-6,Olive Oil Replenishing Conditioner,'632169210282,28,ORS,ORS,61,,16oz
NAM11048-6,Olive Oil Nourishing Exotic Scalp Oil,'632169110483,62,ORS,ORS,61,4.48,4.3oz (6/cs)
NAM12182-6,Olive Oil Style & Sculpt Perfect Blend Wax Stick Styler,'632169121823,41,ORS,ORS,61,5.21,
NAM21017-6,Olive Oil Max Moisture Deep Conditioner,'632169210176,25,ORS,ORS,61,6.99,20oz (6/cs)
NAM21016-6,Olive Oil Super Hydrating Sulfate Free Shampoo,'632169210169,16,ORS,ORS,61,5.49,16oz (8/cs)
NAM21020-6,Olive Oil Max Moisture Leave-In Conditioner,'632169210206,26,ORS,ORS,61,5.49,16oz (6/cs)
NAM21015-6,Olive Oil Relax & Restore Retain Length Seal & Wrap Serum,'632169210152,45,ORS,ORS,61,6.37,4oz (6/cs)
NAM21013-6,Olive Oil Relax & Restore Maintain Moisture Hair Balm,'632169210138,63,ORS,ORS,61,6.99,8.5oz (6/cs)
NAM11101-24,Organic Root Stimulator Olive Oil Pack,'632169111015,69,ORS,ORS,61,1.37,1.75oz
NAM11010,Organic Root Stimulator Hair Fertilizer,'632169110100,34,ORS,ORS,61,5.80,6oz (12/cs)
JFOHE06-6,5 In 1 Rejuvenating Shampoo,'743690050350,12,ORS,ORS,61,4.72,13oz (6/cs)
JFOHE02,Growth Booster With Pro Vitamin-B5,'743690050312,30,ORS,ORS,61,8.32,6oz
JFOHE05,Original Growth Booster,'743690050336,35,ORS,ORS,61,3.60,54g
JFOHE07,Root & Scalp Pro Vitamin-B5 Growth Tonic,'743690050367,36,ORS,ORS,61,9.31,1.69oz
JFOHE08-6,5 In 1 Rejuvenating Conditioner,'743690050374,21,ORS,ORS,61,4.72,13oz (6/cs)
ORX91005-4,Nourishing + Coconut Milk Moisturizing Hair Shampoo,'022796910059,3,OGX,ORG,62,6.39,13oz (6/cs)
ORX91431,Weightless Hydration Coconut Water Shampoo,'022796914316,12,OGX,ORG,62,4.80,13oz
ORX91432,Weightless Hydration Conditioner Coconut Water,'022796914323,22,OGX,ORG,62,4.80,385g
ORX91751,Anti Breakage Keratin Oil Shampoo,'022796918581,1,OGX,ORG,62,4.80,19.5oz
ORX91014,Organix Shampoo Tea Tree Mint Bonus Hydrating,'022796918932,4,OGX,ORG,62,4.80,19.5oz
ORX68184-4,"Conditioner, Clarifying Strength +, Rosemary Mint",'052800681842,15,OGX,ORG,62,6.39,13oz
ORX68187-4,"Shampoo, Clarifying Strength +, Rosemary Mint",'052800681873,7,OGX,ORG,62,6.39,13oz
ORX91006-4,Organix Nourishing Coconut Milk Conditioner,'022796918925,19,OGX,ORG,62,6.39,13oz (8/cs)
ORX91601,"Shampoo, Ever Straight, Brazilian Keratin Therapy",'022796916013,8,OGX,ORG,62,4.80,13oz (8/cs)
ORX91602,Ever Straight Brazilian Keratin Therapy Shampoo,'022796918864,2,OGX,ORG,62,4.80,13oz
ORX91611-4,Renewing Argan Oil Of Morocco Shampoo,'022796918116,6,OGX,ORG,62,6.39,13oz (6/cs)
ORX91612-4,Moroccan Argan Oil Conditioner,'22796918123,18,OGX,ORG,62,6.39,13oz (6/cs)
ORX95670-4,"Shampoo, Thick & Full +, Biotin & Collagen",'022796916709,9,OGX,ORG,62,6.39,13oz (6/cs)
ORX91752-4,"Conditioner, Anti Breakage + Keratin Oil",'022796917522,14,OGX,ORG,62,6.39,13oz (6/cs)
ORX90090,Quenching + Coconut Curls Shampoo,'022796900906,5,OGX,ORG,62,4.80,13oz (6/cs)
ORX90092-4,Quenching Coconut Curls Conditioner,'022796900920,20,OGX,ORG,62,6.39,13oz (6/cs)
ORX95120-4,Extra Strength Damage Remedy Coconut Miracle Oil Shampoo,'022796901200,11,OGX,ORG,62,6.99,13oz (6/cs)
ORX95121-4,Damage Remedy + Coconut Miracle Oil Extra Strength Conditioner,'022796901217,16,OGX,ORG,62,6.99,13oz (6/cs)
ORX91015-4,Hydrating Tea Tree Mint Conditioner,'022796910158,17,OGX,ORG,62,6.39,385ml (4/cs)
ORX95671-4,Thick & Full + Biotin & Collagen Conditioner,'022796916716,21,OGX,ORG,62,6.39,13oz
ORX91791,Smooth Hydration Argan Oil & Shea Butter Shampoo,'022796917911,10,OGX,ORG,62,4.80,13oz (6/cs)
ORX91792,Argan Oil & Shea Butter Conditioner,'022796917928,13,OGX,ORG,62,4.80,13oz (6/cs)
KW083000-6,Cocoa Butter Cleansing Bar Soap,'810107180136,4,Ambi,PAL,63,1.99,3.5oz (6/cs)
KW9510-3,"Even & Clear Advanced Fade Cream, Hydroquinone-free, Hyperpigmentation Treatment, Stubborn Dark Spot Corrector, Results In As Little 2-3 Weeks, Niacinamide, Licorice Root Extract, Pha",'810107180099,1,Ambi,KW,63,7.94,1oz
KW075000-6,Black Soap Cleansing Bar Shea Butter And Vitamin E,'810107180129,8,Ambi,KW,63,1.99,3.5oz
KW082000-6,Complexion Cleansing Bar,'810107180143,9,Ambi,KW,63,1.99,
KW7400-6,Skin Care African Black Soap - Shea Butter,'810107180150,7,Ambi,KW,63,2.49,5.3oz
KW9440-6,Goat Milk Face & Body Bar,'810107180181,6,Ambi,KW,63,2.49,
KW9420-3,Even & Clear Fade Serum Retinol,'850004234006,3,Ambi,KW,63,7.04,1oz
KW01978-3,Soft & Even Creamy Oil Body Lotion,'850004234044,2,Ambi,KW,63,6.41,12oz
KW9430-6,Hemp Face & Body Bar,'850004234839,10,Ambi,KW,63,2.49,
KW9279-3,Even & Clear Fade Cream,'850004234907,5,Ambi,KW,63,6.91,1oz
AT00710-6,T-Tree Herbal Grow Oil,'794258007101,5,Parnevu,PAR,64,3.49,6oz (8/cs)
AT00760-6,T-Tree Break Control,'794258007606,7,Parnevu,PAR,64,3.49,6oz (6/cs)
AT00820-6,T-Tree Braid Spray,'794258008207,6,Parnevu,PAR,64,3.49,12oz (8/cs)
AT00730-6,T-Tree Therapeutic Shampoo,'794258007309,1,Parnevu,PAR,64,3.49,12oz (6/cs)
AT00720-6,T-Tree Leave-In Conditioner,'794258007200,2,Parnevu,PAR,64,3.49,12oz (6/cs)
AT00770-6,T-tree Growth Creme,'794258007705,3,Parnevu,PAR,64,3.49,6oz (6/cs)
AT00740-6,Healthy Shine Oil Sheen Spray,'794258009013,4,Parnevu,PAR,64,4.45,9oz (6/cs)
AT48850,T-Tree 3 Step Pack Dl12,'794258008504,8,Parnevu,PAR,64,1.39,
BTL001S,Edgeffect Edge Control Gel Extreme Hold,'636227247975,4,Pink,PIN,65,1.99,1oz
UB0833-6,Via Living Hair Color #69 - Pink Sapphire #54,'746817905427,9,Pink,PIN,65,1.69,2oz
UB0933-6,Via Living Hair Color #68 -Pink Sapphire #54,'746817905441,8,Pink,PIN,65,2.75,4oz
SFCPB,Edge Booster Maximum Hold - Pink Beryl #36,'810116860685,3,Pink,PIN,65,7.44,3.38oz
SFCPS,Edge Booster,'810116860692,2,Pink,PIN,65,7.44,
LR546,Oil Moisturizer Hair Lotion - Classic Light,'038276005467,7,Pink,PIN,65,4.50,12oz (12/cs)
LR591,Shortlooks Color Relaxer 3-n-1 Diamond Black,'038276005917,1,Pink,PIN,65,10.15,(12/cs)
LR574,Short Looks Sassafrazz Quench Moisture Mist,'038276005740,10,Pink,PIN,65,3.95,8oz (12/cs)
LR562,Shortlooks Gel 'N','038276005627,5,Pink,PIN,65,3.95,6oz (12/cs)
LR506,Luster's Original Oil Moisturizer Hair Lotion,'038276005061,6,Pink,PIN,65,4.50,8oz
CI82,Semi Permanent Hair Color Pink Rose - 82,'661157100823,46,Adore,PIN,66,3.39,4oz (12/cs)
CI140,Semi Permanent Hair Color 140 Neon Pink,'661157101400,40,Adore,PIN,66,3.39,4oz (12/cs)
CI142,Shining Semi Permanent Hair Color 142 Pink Blush,'661157101424,56,Adore,PIN,66,3.39,4oz (12/cs)
CI192,Semi Permanent Hair Color Colouring Cream 192 Pink Petal,'661157101929,23,Adore,PIN,66,3.39,118ml (12/cs)
CI39,Creative Image Shine Semi-Permanent Color 39 Orange Blaze,'661157100397,14,Adore,CI,66,3.39,118ml
CI48,Shining Semi-Permanent Hair Color Honey Brown 48,'661157100489,59,Adore,CI,66,3.39,118ml
CI69,"Semi Permanent Hair Color, [69] Wild Cherry",'661157100694,53,Adore,CI,66,3.39,4oz
CI70,Semi Permanent Hair Color Raging Red - 70,'661157100700,44,Adore,CI,66,3.39,171g
CI71,Semi Permanent Hair Color 71 Intense Red,'661157100717,33,Adore,CI,66,3.39,4oz
CI78,Hair Color #78 Rich Amber,'661157100786,6,Adore,CI,66,3.39,120g
CI79,Shining Semi Permanent Hair Color 79 Burgundy Envy,'661157100793,58,Adore,CI,66,3.39,118ml
CI83,Semi-Permanent Hair Color 83 Fiesta Fuchsia,'661157100830,30,Adore,CI,66,3.39,4oz
CI85,Shining Semi Permanent Hair Color 85 Burgundy Bliss,'661157100854,55,Adore,CI,66,3.39,118ml
CI86,Shining Semi-Permanent Hair Color 86 Raspberry Twist,'661157100861,61,Adore,CI,66,3.39,113g
CI90,Semi Permanent Hair Color 90 Lavender,'661157100908,37,Adore,CI,66,3.39,4oz
CI107,Semi Permanent Hair Color 107 Mocha,'661157101073,38,Adore,CI,66,3.39,4oz
CI110,"Semi - Permanent Hair Color, 110 Darkest Brown",'661157101103,27,Adore,CI,66,3.39,4oz
CI113,Semi Permanent Hair Color 113 African Violet,'661157101134,17,Adore,CI,66,3.39,4oz
CI114,Semi Permanent Hair Color - 114 Violet Gem,'661157101141,52,Adore,CI,66,3.39,113g
CI117,Semi Permanent Hair Color Aquamarine - 117,'661157101172,18,Adore,CI,66,3.39,89g
CI118,Semi Permanent Hair Color 118 Off Black,'661157101189,41,Adore,CI,66,3.39,4oz
CI121,Semi Permanent Hair Color 121 Jet Black,'661157101219,35,Adore,CI,66,3.39,4oz
CI125,Semi Permanent Color Purple Black #125,'661157101257,16,Adore,CI,66,3.39,18g
CI130,Creative Image Semi Permanent Hair Color #130 Blue Black,'661157101301,13,Adore,CI,66,3.39,4oz
CI150,Shining Semi Permanent Hair Colour 150 Platinum,'661157101509,63,Adore,CI,66,3.39,118ml
CI155,Semi Permanent Hair Color Titanium,'661157101554,51,Adore,CI,66,3.39,118ml
CI158,Semi Permanent Color Mystic Gray #158,'661157101585,39,Adore,CI,66,3.39,119g
CI161,161 Cosmic Yellow,'661157101615,64,Adore,CI,66,3.39,
CI163,Shining Semi Permanent Hair Color Green Apple,'661157101639,54,Adore,CI,66,3.39,118ml
CI164,Semi Permanent Color Electric Lime #164,'661157101646,28,Adore,CI,66,3.39,99g
CI165,Semi Permanent Hair Color 165 Clover,'661157101653,20,Adore,CI,66,3.39,4oz
CI168,Semi Permanent Hair Color 168 Emerald,'661157101684,29,Adore,CI,66,3.39,4oz
CI172,Semi Permanent Hair Color Colouring Cream 172 Baby Blue,'661157101721,21,Adore,CI,66,3.39,118ml
CI174,Semi Permanent Color Sapphire Blue #174,'661157101745,49,Adore,CI,66,3.39,119g
CI176,Shining Semi Permanent Hair Color Ocean Blue,'661157101769,60,Adore,CI,66,3.39,118ml
CI178,Semi Permanent Color Royal Navy #178,'661157101783,47,Adore,CI,66,3.39,4oz
CI186,Semi Permanent Hair Color - 186 Rich Eggplant,'661157101868,45,Adore,CI,66,3.39,99g
CI190,Shining Semi-Permanent Hair Color 190 Cotton Candy,'661157101905,57,Adore,CI,66,3.39,118ml
CI191,Semi Permanent Hair Color 191 Fruit Punch,'661157101912,31,Adore,CI,66,3.39,4oz
CI193,Semi Permanent Hair Color Soft Lavender,'661157101936,36,Adore,CI,66,3.39,118ml
CI194,Semi Permanent Hair Color Sweet Mint - 194,'661157101943,50,Adore,CI,66,3.39,99g
CI195,Semi Permanent Hair Color 195 Jade,'661157101950,34,Adore,CI,66,3.39,4oz
CI196,Semi Permanent Hair Color Colouring Cream 196 Sky Blue,'661157101967,24,Adore,CI,66,3.39,118ml
CI197,Semi Permanent Hair Color 197 Peri Winkle,'661157101974,42,Adore,CI,66,3.39,4oz
CI198,Hair Color #198 Powder Blue,'661157101981,5,Adore,CI,66,3.39,119g
CI199,Hair Color #199 Luxe Blue,'661157101998,2,Adore,CI,66,3.39,119g
CI10,Semi Permanent Hair Color,'661157104012,15,Adore,CI,66,3.39,4oz
CI46,Hair Color #46 Spiced Amber,'661157104029,8,Adore,CI,66,3.39,113g
CI30,Creative Image Hair Color Ginger #30,'661157104043,12,Adore,CI,66,3.39,113g
CI52,Hair Color #52 French Cognac,'661157104050,1,Adore,CI,66,3.39,120g
CI58,Creative Image Hair Color Cinnamon #58,'661157104081,11,Adore,CI,66,3.39,
CI56,Semi Permanent Hair Color #56 Cajun Spice,'661157104104,19,Adore,CI,66,3.39,4oz
CI72,Hair Color #72 Paprika,'661157104128,4,Adore,CI,66,3.39,119g
CI76,"Shining Semi Permanent Hair Colour, 76 Copper Brown",'661157104135,62,Adore,CI,66,3.39,120g
CI38,Semi Permanent Hair Color Colouring Cream 38 Sunrise Orange,'661157104159,25,Adore,CI,66,3.39,118ml
CI60,Hair Color #60 Truly Red,'661157104166,9,Adore,CI,66,3.39,144g
CI68,Semi Permanent Hair Color 68 Crimson,'661157104173,26,Adore,CI,66,3.20,4oz (12/cs)
CI88,Semi Permanent Hair Color Colouring Cream 88 Magenta,'661157104197,22,Adore,CI,66,3.39,118ml
CI112,Semi Permanent Hair Color - 112 Indigo Blue,'661157104203,32,Adore,CI,66,3.39,85g
CI116,Semi Permanent Hair Color Purple Rage - 116,'661157104210,43,Adore,CI,66,3.39,18g
CI106,Hair Color #106 Mahogany,'661157104234,3,Adore,CI,66,3.39,113g
CI104,Hair Color #104 Sienna Brown,'661157104241,7,Adore,CI,66,3.39,4oz
CI64,Semi Permanent Hair Color 64 Ruby Red,'661157104258,48,Adore,CI,66,3.39,4oz
CI120,Hair Color #120 Black Velvet,'661157104265,10,Adore,CI,66,3.39,0.25lb
SF1PB,Edge B.Extra,'810116860951,1,Style Factor,SF,67,2.98,0.85oz
SF1VC,Thick & Coarse - Violet Crystal,'810116860999,34,Style Factor,SF,67,2.98,0.85oz
SF1PN,Edge Booster Pink Sapphire Scent,'810217160622,7,Style Factor,SF,67,2.98,0.85oz
SF4AC,Edge Booster Strong Hold Water-Based Pomade,'680585173377,18,Style Factor,SF,67,6.19,3.38oz
SF2BK,Edge Booster Hideout Hair Color Pomade For Gray Hair Cover-Natural Black,'680585173926,5,Style Factor,SF,67,6.19,0.85oz
SF1BK,SF Edge Booster Hideout Strong Hold-Natural Black #13,'680585174039,22,Style Factor,SF,67,3.44,1.7oz
SF4AC,Edge Booster / Acacia Scent,'810116860005,3,Style Factor,SF,67,6.19,
SF4BL,Edge Booster Blueberry Scent,'810116860012,4,Style Factor,SF,67,6.19,3.38oz
SF4CI,Edge Booster Strong Hold Pomade Citrus Scent,'810116860036,11,Style Factor,SF,67,6.19,
SF4CB,SF Edge Booster Water Based -Coconut & Banana Scent,'810116860043,23,Style Factor,SF,67,6.19,
SF4GS,Edge Booster Water Based Grape Scent,'810116860067,21,Style Factor,SF,67,6.19,
SF4LB,Strong Hold Water-based Pomade - Lemon Berry,'810116860074,26,Style Factor,SF,67,6.19,
SF4LC,"EdgeBooster Pomade, 1 Pc",'810116860081,24,Style Factor,SF,67,6.19,
SF4PI,Edge Booster Strong Hold Pomade Pineapple Scent,'810116860098,14,Style Factor,SF,67,6.19,
SF4ST,Edge Booster Strong Hold Pomade Strawberry Scent,'810116860111,15,Style Factor,SF,67,6.19,
SF4SM,Edge Booster Sugar Melon Scent,'810116860128,19,Style Factor,SF,67,6.19,3.38oz
SF4SP,Edge Booster- Strong Hold Sweet Peach,'810116860135,17,Style Factor,SF,67,6.19,3.38oz
SF1AC,Edge Booster Strong Hold Pomade Acacia Scent,'810116860142,10,Style Factor,SF,67,2.98,
SF1BS,Travel Size,'810116860159,35,Style Factor,SF,67,2.98,0.85oz
SF1CS,SF Cherry Scent,'810116860166,32,Style Factor,SF,67,2.98,0.85oz
SF1CI,Strong Hold Water-based Pomade - Citrus,'810116860173,25,Style Factor,SF,67,2.98,
SF1CO,Edge Booster Strong Hold Pomade Coconut Banana Scent,'810116860180,12,Style Factor,SF,67,2.98,
SF1GS,Edge Booster Strong Hold Pomade Grape Scent,'810116860203,13,Style Factor,SF,67,2.98,
SF1LB,Lemon Berry,'810116860210,29,Style Factor,SF,67,2.98,
SF1LC,Strong Hold Water-based Pomade - Lemon Candy,'810116860227,27,Style Factor,SF,67,2.98,
SF1PS,Edge Booster Travel Size,'810116860234,20,Style Factor,SF,67,2.98,0.85oz
SF1SS,Edge Booster Strong Hold Mini Pomade -Strawberry,'810116860258,9,Style Factor,SF,67,2.98,
SF1SM,Edge Booster Strong Hold Pomade Sugar Melon Scent,'810116860265,16,Style Factor,SF,67,2.98,
SF1SP,SF Sweet Peach,'810116860272,33,Style Factor,SF,67,2.98,0.85oz
SFCRU,Edge Booster,'810116860708,2,Style Factor,SF,67,7.44,
SFCVC,Edge Booster Maximum Hold - Turquenite #46,'810116860715,6,Style Factor,SF,67,7.44,3.38oz
SFCVC,Edge Booster Extra Strength Edge Control,'810116860722,8,Style Factor,SF,67,7.44,
SF1RB,Raspberry,'810217160028,30,Style Factor,SF,67,2.98,
SF4CH,Cherry,'810217160165,28,Style Factor,SF,67,6.19,
SF1RU,Ruby,'810217160639,31,Style Factor,SF,67,2.98,
AFVN25,"Olive Oil Relaxer Touch Up Kit, Regular",'743690043154,3,Vitale,VIT,68,3.63,(12/cs)
AFVN02,Olive Oil No Lye Relaxer Kit Super - 1 App,'743690043147,2,Vitale,VIT,68,5.45,359g (12/cs)
AFVN26,Olive Oil Relaxer Touch Up Kit Super,'743690043161,4,Vitale,VIT,68,3.63,
AFVN01,Olive Oil Anti-Breakage No-Lye Conditioning Relaxer Kit,'743690043130,1,Vitale,VIT,68,5.46,(12/cs)
AFV300D-6,Sensitive Scalp Relaxer Kit 1 App with Hair Lotion,'743690072048,5,Vitale,VIT,68,7.61,(6/cs)
SL004,Slay It Pro Braid Jam Max Orange,'860009565401,3,Profectiv,PRO,69,10.00,
SL003,Slay It Pro Braid Jam Super Yellow,'860009565418,4,Profectiv,PRO,69,10.00,
SOP88101,Comb Thru Texturizer Regular Kit,'802535881013,1,Profectiv,PRO,69,3.40,
SOP88611-6,Oil Sheen Spray,'802535886117,5,Profectiv,PRO,69,3.13,11oz (6/cs)
SOP88508-6,Comb Thru Wave Keeper Styling Gel,'802535885080,2,Profectiv,PRO,69,2.98,8oz (6/cs)
PA019700,Jojoba Hot Oil Treatment,'079896019717,5,Queen Helene,QHE,70,1.55,1oz
PA019656,Cholesterol Hot Oil Treatment,'079896019632,3,Queen Helene,QHE,70,1.55,1oz
PA019806,Hot Oil Treatment Olive,'079896019816,4,Queen Helene,QHE,70,1.55,1oz
PA653836-6,Cocoa Butter Face + Body Crème Jar,'079896743780,6,Queen Helene,QHE,70,5.99,15oz (8/cs)
PA22005-6,Cholesterol With Argan Oil Hair Conditioning Cream,'079896220052,1,Queen Helene,QHE,70,3.38,15oz
PA653256-6,Cholesterol Hair Conditioning Cream,'079896653256,2,Queen Helene,QHE,70,3.38,15oz (6/cs)
RDB62-6,Bond Protective Shield,'851951130625,1,Robert's Diamond,ROB,71,8.38,8oz (6/cs)
RDB59,S - Protective Shield Transparent,'851951130595,4,Robert's Diamond,ROB,71,3.99,
RDB60,Protective Shield,'851951130601,3,Robert's Diamond,ROB,71,3.99,
RDB64-6,Ultra Rich Biomoisture Conditioning Remover Solution,'851951130649,5,Robert's Diamond,ROB,71,3.59,8oz
RDB61-6,"Bond Protective Shield Transparent, White",'851951130618,2,Robert's Diamond,ROB,71,8.38,8oz (6/cs)
JS041,Stick Pomade Jet Black,'075610041101,1,Royal Crown,RCR,72,2.99,1.2oz
LR905,Wave Gel Activator Tube -Reg #14,'038276009052,7,S-Curl,ROR,73,4.19,
LR912,Wave Control Pomade,'038276009120,8,S-Curl,ROR,73,2.36,3oz
LR915,Curl & Wave Jel Activator Lite,'038276009151,11,S-Curl,ROR,73,2.99,6oz
LR918,Wave Gel And Activator,'038276009182,6,S-Curl,ROR,73,3.99,10.5oz
LR925,Curl & Wave Jel Activator Lite,'038276009250,12,S-Curl,ROR,73,3.73,453g
LR930,"Stylin' Gel, Texturizer, For Waves & Shortcuts",'038276009304,2,S-Curl,ROR,73,4.35,
LR931,Curl Texturizing Styling Spray Pump,'038276009311,10,S-Curl,ROR,73,4.60,
LR898B,Texturizer Kit Extra Strength,'038276089856,4,S-Curl,ROR,73,,170.1g
LR893,"Texturizer, Regular Strength, Comb Thru",'038276008932,5,S-Curl,ROR,73,4.45,(12/cs)
LR894,"Comb Thru Texturizer, Extra Strength",'038276008949,1,S-Curl,ROR,73,4.45,(12/cs)
LR899B,Texturizer 2-App Kit Regular,'038276089955,3,S-Curl,ROR,73,,(12/cs)
LR950,360 Stylin' Multi Look Blow Out Kit,'038276009502,13,S-Curl,ROR,73,6.35,308g (12/cs)
LR901,Activator/Moisturizer - No Drip,'038276009014,9,S-Curl,ROR,73,4.35,16oz
MA50202-36,Cream Peroxide Developer With 20 Volume,'666425502026,1,Super Star,SST,74,1.28,4oz (38/cs)
MA50306-36,30 Volume Cream Peroxide Developer,'666425503061,15,Super Star,SST,74,1.35,4oz (36/cs)
MA50400-36,Marianna Cream Peroxide Developer 40 Volume,'666425504006,6,Super Star,SST,74,1.37,4oz (38/cs)
MA50500-36,50 Volumes Cream Peroxide Developer,'666425505003,16,Super Star,SST,74,1.45,4oz (36/cs)
MA50203,Stabilized Cream Peroxide Developer 20 Volume,'666425502033,12,Super Star,SST,74,1.62,8oz (12/cs)
MA50204,Cream Peroxide Developer With 20 Volumes,'666425502040,3,Super Star,SST,74,1.89,16oz (12/cs)
MA50205,Marianna Cream Peroxide Developer 20 Volume,'666425502057,4,Super Star,SST,74,2.80,32oz (12/cs)
MA50305,Marianna Cream Peroxide Developer 30 Volume,'666425503054,5,Super Star,SST,74,1.71,8oz (12/cs)
MA50302,"Stabilized Cream Peroxide Developer, 30v Hc-50302",'666425503023,8,Super Star,SST,74,1.96,16oz (12/cs)
MA50303,Stabilized Cream Peroxide Developer 30 Volume,'666425503030,13,Super Star,SST,74,3.02,32oz (12/cs)
MA50401,Stabilized Cream Peroxide Developer 40 Volume,'666425504013,14,Super Star,SST,74,1.79,8oz (12/cs)
MA50402,Cream Peroxide Developer 40 Volume,'666425504020,2,Super Star,SST,74,2.09,16oz (12/cs)
MA50403,Marianna Cream Peroxide Developer 40 Volume,'666425504037,7,Super Star,SST,74,3.25,32oz (12/cs)
MA50503,Stabilized Cream Peroxide Developer 50V Hc-50503,'666425505034,10,Super Star,SST,74,1.79,8oz (12/cs)
MA50504,"Stabilized Cream Peroxide Developer, 50v Hc-50504",'666425505041,11,Super Star,SST,74,2.09,16oz (12/cs)
MA50501,Stabilized Cream Peroxide Developer 50V Hc-50501,'666425505010,9,Super Star,SST,74,3.35,
JS942,Black&White Skin Tone Cream(3/) #13,'075610960105,17,Super Star,SST,74,4.01,4oz
CL2536-2,Original Astringent Gallon,'827755104049,5,Sea Breeze,SB,75,,1gal (2/cs)
HR10402,"Astringent for Skin, Scalp and Nails, Yellow",'827755104025,3,Sea Breeze,SB,75,8.11,32oz (12/cs)
HR10401,Astringent for Skin Scalp Nails,'827755104018,2,Sea Breeze,SB,75,3.85,12oz (12/cs)
HR03051-6,Classic Clean Original Formula Astringent,'827755030515,4,Sea Breeze,SB,75,4.25,10oz
HR03052-6,Astringent Sensitive Skin - Cleanser,'827755030522,1,Sea Breeze,SB,75,4.25,10oz
HR401096-6,"Shampoo & Conditioner, 2 in 1",'816559019765,9,Alberto VO5,VO5,76,1.29,15oz
HR401099-6,Extra Body with Collagen Conditioner Bonus Size,'816559010984,13,Alberto VO5,VO5,76,1.29,15oz
HR401098-6,Extra Body with Collagen Volumizing Shampoo Bonus Size,'816559010991,1,Alberto VO5,VO5,76,1.29,15oz
HR401103-6,"Shampoo, Moisturizing, Blooming Freesia",'816559019772,11,Alberto VO5,VO5,76,1.29,15oz
HR401106-6,"Shampoo, Clarifying, Kiwi Lime Squeeze",'816559011066,7,Alberto VO5,VO5,76,1.29,15oz
HR401107-6,"Conditioner, Kiwi Lime Squeeze, Bonus Size",'816559011073,15,Alberto VO5,VO5,76,1.29,15oz
HR401117-6,Moisture Milks Strawberries & Cream Moisturizing Shampoo,'816559011172,4,Alberto VO5,VO5,76,1.29,15oz
HR401118-6,Moisture Milks - Strawberries & Cream Conditioner,'816559011189,19,Alberto VO5,VO5,76,1.29,15oz
HR401122-6,"Conditioner, Moisturizing, Pomegranate Bliss, Bonus Size",'816559019857,17,Alberto VO5,VO5,76,1.29,15oz
HR401121-6,Pomegranate Bliss Shampoo,'816559019840,6,Alberto VO5,VO5,76,1.29,15oz
HR401143-6,"Moisturizing Shampoo, Island Coconut, Bonus Size",'816559011431,5,Alberto VO5,VO5,76,1.29,15oz
HR401220-6,"Body Wash, Shampoo, Conditioner, 3 in 1, Ocean Surge, Men",'816559012209,2,Alberto VO5,VO5,76,1.29,12.5oz
HR401221-6,"Shampoo, Conditioner, Body Wash, 3 In 1, Fresh Energy, Men",'816559012216,8,Alberto VO5,VO5,76,1.29,12.5oz
HR401145-6,Herbal Escapes Ocean Refresh Moisturizing Shampoo,'816559013121,3,Alberto VO5,VO5,76,1.29,12.5oz
HR401108-6,"Shampoo, Daily Revitalizing, Bonus Size",'816559017914,10,Alberto VO5,VO5,76,1.29,15oz
HR401205-6,"Conditioner, Daily Revitalizing, Bonus Size",'816559018775,14,Alberto VO5,VO5,76,1.29,15oz
HR401146-6,"Conditioner, Revitalizing, Ocean Fresh, Bonus Size",'816559018799,18,Alberto VO5,VO5,76,1.29,15oz
HR901964-6,Gentle Cleansing Co-wash Jojoba And Aloe - Hair,'816559019642,12,Alberto VO5,VO5,76,1.29,15oz
HR401104-6,"Conditioner, Moisturizing, Blooming Freesia, Bonus Size",'816559019789,16,Alberto VO5,VO5,76,1.29,15oz
SM101364-24,Hair Treatment,'7464804101364,4,Silicon Mix,SMI,77,5.69,16oz (24/cs)
SM101371-36,Hair Treatment,'7464804101371,3,Silicon Mix,SMI,77,3.59,8oz (36/cs)
SM101814,Hair Treatment,'7464804101814,5,Silicon Mix,SMI,77,7.89,36oz (12/cs)
SM101845-24,Hidratante Shampoo,'7464804101845,1,Silicon Mix,SMI,77,3.69,16oz (24/cs)
BC1001,Skin Tight Regular For Razor Bumps & Ingrown Hair,'813070003907,7,Silicon Mix,SMI,77,7.79,4oz (12/cs)
SM10185-24,Hidratante Shampoo,'7464804101852,2,Silicon Mix,SMI,77,1.99,
BC1007,Skin Tight Razor Bump Ointment Extra Strength,'813070004287,6,Silicon Mix,SMI,77,8.99,4oz (12/cs)
ST100-6,Protein Styling Gel Extra Hold,'096002001008,11,Softee,SOF,78,0.97,8oz (12/cs)
ST120,Curl Activator Gel Regular,'096002001206,14,Softee,SOF,78,0.97,8oz
ST141-6,Argan Oil Hair & Scalp Conditioner,'096002001411,2,Softee,SOF,78,0.99,3oz
ST803,Bergamot Hair Dress Blue,'096002008038,20,Softee,SOF,78,2.35,12oz
ST804,Bergamot Hair Dress -Green,'096002008045,21,Softee,SOF,78,2.35,12oz
ST921,Coconut Oil Hair & Scalp Conditioner,'096002009219,5,Softee,SOF,78,1.29,
ST922,Hair Food With Vitamin E,'096002009226,24,Softee,SOF,78,1.29,5oz
ST103-6,Extra Hold Protein Styling Gel,'096002001039,8,Softee,SOF,78,2.55,32oz (6/cs)
ST130-6,Extra Dry Aloe Vera Curl Activator Gel,'096002001305,15,Softee,SOF,78,0.97,8oz (12/cs)
ST102,"Protein Styling Gel - Extra Hold, Alcohol-Free Black",'096002001022,12,Softee,SOF,78,1.58,8oz (6/cs)
ST187-6,Styling Gel Argan Oil,'096002001879,17,Softee,SOF,78,2.06,32oz (6/cs)
ST821,"Bergamot Hair Dress, Bonus",'096002008014,22,Softee,SOF,78,1.29,5oz (12/cs)
ST821,"Bergamot Hair Dressing Product, Blue",'096002008212,23,Softee,SOF,78,1.29,5oz (12/cs)
ST822,Bergamot Hair Dress & Pressing Oil,'096002008229,18,Softee,SOF,78,1.29,5oz (12/cs)
ST911,Coconut Oil Hair & Scalp Conditioner,'096002009110,4,Softee,SOF,78,2.85,12oz (12/cs)
ST912,Hair Food With Vitamin E,'096002009127,25,Softee,SOF,78,2.85,12oz (12/cs)
ST923,"Herbal Oil Formula, Maximum Strength, Bonus",'096002009233,19,Softee,SOF,78,1.29,5oz (12/cs)
ST924,Indian Hemp Hair & Scalp Treatment,'096002009240,9,Softee,SOF,78,1.29,5oz (12/cs)
ST914,Indian Hemp Hair & Scalp Treatment,'096002009141,10,Softee,SOF,78,2.85,12oz (12/cs)
ST927,Castor Oil Hair & Scalp Conditioner,'096002009271,3,Softee,SOF,78,1.29,5oz (12/cs)
ST926B,Vitamin E Hair & Scalp Conditioner,'096002009264,7,Softee,SOF,78,,5oz (12/cs)
ST138-6,Hair Scalp Conditioner Olive Oil,'096002001381,6,Softee,SOF,78,0.99,3oz (6/cs)
ST139-6,"African Shea Butter Hair & Scalp Conditioner, Yellow",'096002001398,1,Softee,SOF,78,0.99,3oz
ST179-6,Signature Edge Control,'096002001794,16,Softee,SOF,78,1.79,3.5oz (6/cs)
ST186-6,"Argan Oil Styling Gel, Yellow",'096002001862,13,Softee,SOF,78,1.09,8oz (6/cs)
JS430-1,Medicated Regular Formula Anti-Dandruff Hair And Scalp Conditioner,'075610430103,9,Sulfur 8,SUL,79,3.27,2oz (12/cs)
JS442,Medicated Dandruff Shampoo,'075610442106,6,Sulfur 8,SUL,79,3.73,7.5oz
JS495,Kids Conditioning Shampoo,'075610495102,4,Sulfur 8,SUL,79,4.07,13.5oz
JS431-1,Medicated Original Formula Hair & Scalp Conditioner,'075610431100,12,Sulfur 8,SUL,79,5.16,4oz (12/cs)
JS432-1,Medicated Original Formula Anti-Dandruff Hair & Scalp Conditioner,'075610432107,11,Sulfur 8,SUL,79,7.08,7.25oz (12/cs)
JS435-1,Medicated Light Formula Anti-Dandruff Hair & Scalp Conditioner,'075610435108,10,Sulfur 8,SUL,79,3.27,2oz (12/cs)
JS436-1,Light Hair & Scalp Conditioner #2,'075610436105,13,Sulfur 8,SUL,79,5.16,4oz (12/cs)
JS437,Medicated Light Formula Anti-Dandruff Conditioner,'075610437102,8,Sulfur 8,SUL,79,7.08,7.25oz (12/cs)
JS458,Loc Twist & Braid Butter,'075610458107,19,Sulfur 8,SUL,79,3.11,4oz
JS456-1,Aqua Blue Medicated Dandruff Shampoo,'075610456103,1,Sulfur 8,SUL,79,3.73,7.5oz
JS439-1,Deep Cleaning Shampoo,'075610439106,2,Sulfur 8,SUL,79,3.36,7.5oz (12/cs)
JS441,Deep Cleaning Shampoo,'075610441109,3,Sulfur 8,SUL,79,4.92,11.5oz (12/cs)
JS462,"Loc, Twist & Braid Medicated Scalp Solution",'075610462104,20,Sulfur 8,SUL,79,4.35,2.5oz (12/cs)
JS443,Medicated Anti-dandruff Light Oil Moisturizing Hair Lotion,'075610443103,17,Sulfur 8,SUL,79,5.01,8oz (12/cs)
JS438-1,Medicated Anti-Dandruff Oil Moisturizing Hair Lotion,'075610438109,18,Sulfur 8,SUL,79,5.01,8oz (12/cs)
JS445-1,Dandruff Treatment For Braids Spray,'075610445107,14,Sulfur 8,SUL,79,4.33,8oz (12/cs)
JS460,Loc Twist And Braid Oil,'075610460100,16,Sulfur 8,SUL,79,3.67,4oz (12/cs)
JS457,Loc Twist And Braid Gel,'075610457100,15,Sulfur 8,SUL,79,2.46,6oz (12/cs)
JS452,Kids Medicated Anti-Dandruff Hair & Scalp Conditioner,'075610452105,7,Sulfur 8,SUL,79,4.96,4oz (4/cs)
JS454-1,Kids Medicated Anti Dandruff Shampoo,'075610454109,5,Sulfur 8,SUL,79,3.55,7.5oz (12/cs)
SOU26900-4,Supreme Relaxer Valupak Kit Regular,'802535206014,2,Ultra Sheen,USH,80,6.18,(4/cs)
SOU27000-4,Supreme Conditioning Creme No Lye Relaxer Kit Super,'802535207011,1,Ultra Sheen,USH,80,6.18,(4/cs)
SOT81508,Hair Relaxer Super Jar No Base Creme,'802535815087,2,TCB,TCB,81,2.26,7.5oz (12/cs)
SOT81408,No Base Hair Relaxer Creme Regular,'022400006116,1,TCB,TCB,81,2.26,7.5oz (12/cs)
SOT81515,Hair Relaxer No Base Creme Super Jar,'802535815155,3,TCB,TCB,81,3.43,15oz (12/cs)
SOT81210,"Naturals Hair & Scalp Conditioner, Olive Oil",'022400644790,4,TCB,TCB,81,3.69,10oz
UNI31100,Cocoa Butter Healing Petroleum Jelly,'305210304956,1,Vaseline,VAS,82,1.99,1.75oz (72/cs)
UNI23450-6,Pure Petroleum Jelly Jar Original,'305212345001,2,Vaseline,VAS,82,5.03,13oz (24/cs)
UB8351,Oil Free Wig Shine,'746817683516,31,Via Natural,VIA,83,2.84,8oz (12/cs)
UB901-6,Nat. Semi Perm Hair Color #010 Crystal,'046817901048,2,Via Natural,VIA,83,2.35,4oz
UB902-6,Nat. Semi Perm Hair Color #020 Bold Gold,'046817902045,1,Via Natural,VIA,83,2.35,4oz
UB905-6,Nat. Semi Perm Hair Color #030 Spice Cinnamon,'046817903042,3,Via Natural,VIA,83,2.35,4oz
UB81872-6,Elixir Premium Oil -Biotin #98B,'746817818727,23,Via Natural,VIA,83,3.59,2oz
UB81873-6,Elixir Premium Oil -Scalp Care #98A,'746817818734,26,Via Natural,VIA,83,3.59,2oz
UB81874-6,Elixir Premium Oil -Tea Tree #98F,'746817818741,27,Via Natural,VIA,83,3.59,2oz
UB81875-6,Elixir Premium Oil -Pro Growth #98E,'746817818758,10,Via Natural,VIA,83,3.59,2oz
UB81876-6,Elixir Premium Oil -Black Castor #98D,'746817818765,24,Via Natural,VIA,83,3.59,2oz
UB81877-6,Elixir Premium Oil -Peppermint #98C,'746817818772,25,Via Natural,VIA,83,3.59,2oz
UB1899,Nat Free Style Foam Mousse,'746817818991,19,Via Natural,VIA,83,4.59,
UB1900,Freestyle Let Loose Braid Release,'746817819007,101,Via Natural,VIA,83,4.59,
UB1901,Relief Shine! Braid Booster,'746817819014,103,Via Natural,VIA,83,4.59,
UB1902,Freestyle Flex Wash Foam & Go,'746817819021,7,Via Natural,VIA,83,4.59,
UB1903,XXX Strength Braiding Shine Jelo,'746817819038,106,Via Natural,VIA,83,4.59,8oz
UB1904,The Remedy Hair Scalp Reviver,'746817819045,104,Via Natural,VIA,83,4.59,
UB802-6,20 Bold Gold,'746817902020,91,Via Natural,VIA,83,1.52,
UB803-6,22 24k Gold,'746817902228,89,Via Natural,VIA,83,1.52,
UB903-6,22 24k Gold,'746817902242,90,Via Natural,VIA,83,2.35,
UB804-6,Hair Color #28 Sassy Gold -pc,'746817902822,54,Via Natural,VIA,83,1.52,2oz
UB904-6,Hair Color #28 Sassy Gold -pc,'746817902846,55,Via Natural,VIA,83,2.35,4oz
UB805-6,H/c 30 Spice Cinnamon (6ea/box),'746817903027,102,Via Natural,VIA,83,1.52,2oz
UB806-6,32 Sunlit Orange,'746817903225,105,Via Natural,VIA,83,1.52,
UB906-6,Hair Color #32 Sunlight Orange -pc,'746817903249,56,Via Natural,VIA,83,2.35,4oz
UB807-6,Semi-Permanent Hair Color Pumpkin Patch 34,'746817903423,85,Via Natural,VIA,83,1.52,
UB907-6,Hair Color #34 Pumpkin Patch -pc,'746817903447,53,Via Natural,VIA,83,2.35,4oz
UB0831-6,Living Hair Color #69 - Murange #38,'746817903829,66,Via Natural,VIA,83,1.69,2oz
UB0931-6,Living Hair Color #68 -Murange #38,'746817903843,65,Via Natural,VIA,83,2.75,4oz
UB0832-6,Living Hair Color #69 - Platinum #44,'746817904420,70,Via Natural,VIA,83,1.69,2oz
UB0932-6,Living Hair Color #68 -Platinum #44,'746817904444,69,Via Natural,VIA,83,2.75,4oz
UB0834-6,Living Hair Color #69 -Garnet Red #72,'746817907223,64,Via Natural,VIA,83,1.69,2oz
UB0934-6,Living Hair Color #68 -Garnet Red,'746817907247,63,Via Natural,VIA,83,2.75,4oz
UB815-6,86 Bordeaux,'746817908626,92,Via Natural,VIA,83,1.52,
UB915-6,Hair Color #86 Bordeaux -pc,'746817908640,46,Via Natural,VIA,83,2.35,4oz
UB0835-6,Living Hair Color #69 -Emerald Green #96,'746817909623,60,Via Natural,VIA,83,1.69,2oz
UB0935-6,Living Hair Color #68 -Emerald Green #96,'746817909647,59,Via Natural,VIA,83,2.75,4oz
UB818-6,Natural Semi Perm Hair Color #108 China Moon Brown,'746817910827,5,Via Natural,VIA,83,1.52,2oz
UB918-6,108 China Moon,'746817910841,97,Via Natural,VIA,83,2.35,
UB0836-6,Living Hair Color #69 -Green Envy #112,'746817911220,62,Via Natural,VIA,83,1.69,2oz
UB0936-6,Living Hair Color #68 -Green Envy #112,'746817911244,61,Via Natural,VIA,83,2.75,4oz
UB0837-6,Living Hair Color #69 -Turquoise Blue #114,'746817911428,74,Via Natural,VIA,83,1.69,2oz
UB0937-6,Living Hair Color #68 -Turquoise Blue #114,'746817911442,73,Via Natural,VIA,83,2.75,4oz
UB0838-6,Living Hair Color #69 -Cobalt Blue #116,'746817911626,58,Via Natural,VIA,83,1.69,2oz
UB0938-6,Living Hair Color #68 -Cobalt Blue #116,'746817911640,57,Via Natural,VIA,83,2.75,4oz
UB0839-6,Living Hair Color #69 -Purple Passion #118,'746817911824,68,Via Natural,VIA,83,1.69,2oz
UB0939-6,Living Hair Color #68 -Purple Passion #118,'746817911848,67,Via Natural,VIA,83,2.75,4oz
UB821-6,Semi-Permanent Hair Color,'746817912227,76,Via Natural,VIA,83,1.52,60ml
UB0840-6,Living Hair Color #69 -Purple Rampage #124,'746817912425,72,Via Natural,VIA,83,1.69,2oz
UB0942-6,Living Hair Color #68 -Purple Rampage #124,'746817912449,71,Via Natural,VIA,83,2.75,4oz
UB8352,Oil Free Wig Shine,'746817683523,30,Via Natural,VIA,83,1.80,4oz (12/cs)
UB8353-24,Oil Free Wig Shine,'746817683530,29,Via Natural,VIA,83,0.89,2oz (24/cs)
UB8380-6,Premium Styling Gel [Olive & Aloe Vera],'746817683806,18,Via Natural,VIA,83,1.38,(6/cs)
UB8384-6,Premium Gel - Protein,'746817683844,13,Via Natural,VIA,83,1.38,8oz (6/cs)
UB8385-6,Premium Gel - Olive,'746817683851,17,Via Natural,VIA,83,2.26,20oz
UB8389-6,Premium Styling Gel - Protein W/ Camellia,'746817683899,14,Via Natural,VIA,83,1.82,20oz (6/cs)
UB368390-6,Braiding Shine Jelo,'746817683905,93,Via Natural,VIA,83,4.22,8oz (6/cs)
UB368391-6,Natural Braiding Shine Jelo Extra Strength,'746817683929,96,Via Natural,VIA,83,4.22,227g
UB8393-6,Braiding Shine Jelo,'746817683936,94,Via Natural,VIA,83,8.90,16oz (6/cs)
UB8394-6,Braiding Shine Jelo 16ozextra,'746817683943,95,Via Natural,VIA,83,8.90,16oz (6/cs)
UB7939-24,Tube Oil Peppermint,'746817579819,34,Via Natural,VIA,83,0.79,1.5oz (24/6/cs)
UB7926-24,Ultra Care Jojoba Oil,'746817579857,39,Via Natural,VIA,83,0.79,1.5oz (24/6/cs)
UB7924-24,Hair & Body Olive Oil,'746817579864,20,Via Natural,VIA,83,0.79,1.5oz (24/6/cs)
UB7927-24,Ultra Care Cocoa Butter Oil,'746817579277,38,Via Natural,VIA,83,0.79,1.5oz (24/6/cs)
UB7928-24,Ultra Care Shea Butter Oil,'746817579772,40,Via Natural,VIA,83,0.79,1.5oz (24/6/cs)
UB7929-24,Ultra Care Vitamin E Oil Concentrated Oil,'746817579291,42,Via Natural,VIA,83,0.79,1.5oz (24/6/cs)
UB7929-24,Ultra Care Vitamin E Oil,'746817579888,41,Via Natural,VIA,83,0.79,1.5oz (24/6/cs)
UB7930-24,Avocado Oil Treatment Tube,'746817579307,8,Via Natural,VIA,83,0.79,1.5oz (24/6/cs)
UB7930-24,Ultra Care Avocado Oil,'746817579826,37,Via Natural,VIA,83,0.79,1.5oz (24/6/cs)
UB7931-24,Tube Oil Tea Tree,'746817579840,35,Via Natural,VIA,83,0.79,1.5oz (24/6/cs)
UB7932-24,100 Coconut Oil,'746817579895,22,Via Natural,VIA,83,0.79,1.5oz (24/6/cs)
UB7970-24,Grape Seed Oil,'746817579871,28,Via Natural,VIA,83,0.79,1.5oz (24/6/cs)
UB7933-24,Black Castor Oil,'746817579789,21,Via Natural,VIA,83,0.79,1.5oz (24/6/cs)
UB7974-24,Pro Growth Oil Treatment,'746817579741,15,Via Natural,VIA,83,0.79,1.5oz (24/6/cs)
UB7975-24,Biotin Oil Treatment,'746817579758,9,Via Natural,VIA,83,0.79,1.5oz (24/6/cs)
UB7976-24,Scalp Care Oil Tube,'746817579765,32,Via Natural,VIA,83,0.79,1.5oz (24/6/cs)
UB7976-24,Scalp Care Oil Tube,'746817579765,33,Via Natural,VIA,83,0.79,1.5oz (24/6/cs)
UB7990-24,Rice Bran Oil Treatment,'746817579901,16,Via Natural,VIA,83,0.79,1.5oz (24/6/cs)
UB7991-24,Neem Oil Treatment Tube,'746817579918,12,Via Natural,VIA,83,0.79,1.5oz (24/6/cs)
UB7992-24,100% Turmeric Oil,'746817579925,36,Via Natural,VIA,83,0.79,1.5oz (24/6/cs)
UB7921-24,Hemp Seed Oil Treatment Tube,'746817579796,11,Via Natural,VIA,83,0.79,1.5oz (24/6/cs)
UB808-6,Semi-Permanent Hair Color Sunset Red #60,'746817906028,88,Via Natural,VIA,83,1.52,2oz
UB909-6,Hair Color #62 Bright Red -pc,'746817906240,48,Via Natural,VIA,83,2.35,2oz
UB826-6,Hair Color #82 Crimson -pc,'746817907827,50,Via Natural,VIA,83,1.52,2oz (6/cs)
UB813-6,Hair Color Burgundy #84,'746817908428,44,Via Natural,VIA,83,1.52,2oz
UB814-6,Semi-Perm Color #85 Dark Cherry,'746817908527,4,Via Natural,VIA,83,1.52,2oz (6/cs)
UB816-6,Hair Color #94 Mahogany -pc,'746817909425,52,Via Natural,VIA,83,1.52,2oz (6/cs)
UB817-6,Natural Semi-Permanent Hair Color,'746817910421,81,Via Natural,VIA,83,1.52,2oz (6/cs)
UB819-6,Hair Color #120 #110 Copper,'746817911022,49,Via Natural,VIA,83,1.52,2oz (6/cs)
UB820-6,"Semi-Permanent Hair Color, Dark Brown #120",'746817912029,79,Via Natural,VIA,83,1.52,2oz (6/cs)
UB822-6,Semi-Permanent Hair Color,'746817912623,75,Via Natural,VIA,83,1.52,2oz (6/cs)
UB823-6,Natural Semi-Permanent Hair Color Black Satin 128,'746817912821,87,Via Natural,VIA,83,1.52,2oz (6/cs)
UB824-6,Hair Color #130 Jet Black -pc,'746817913026,51,Via Natural,VIA,83,1.52,2oz (6/cs)
UB908-6,Coloration Semi-permanente,'746817906042,98,Via Natural,VIA,83,2.35,4oz (8/cs)
UB910-6,"Semi-Permanent Hair Color, - Ruby Red #64",'746817906448,86,Via Natural,VIA,83,2.35,4oz
UB911-6,Natural Semi-Permanent Hair Color Copper Penny 76,'746817907643,83,Via Natural,VIA,83,2.35,4oz (6/cs)
UB926-6,Semi Perm Color #82 Crimson,'746817907841,6,Via Natural,VIA,83,2.35,4oz (6/cs)
UB913-6,Hair Color #84 Burgundy Bpc/cs,'046817908443,47,Via Natural,VIA,83,2.35,4oz
UB914-6,"Semi-Permanent Hair Color, - Dark Cherry #85",'746817908541,82,Via Natural,VIA,83,2.35,4oz (6/cs)
UB916-6,Coloration Semi-permanente,'746817909449,99,Via Natural,VIA,83,2.35,4oz (6/cs)
UB917-6,Semi-Permanent Hair Color #104 - Brown,'746817910445,78,Via Natural,VIA,83,2.35,4oz (6/cs)
UB919-6,Semi-Permanent Hair Color,'746817911046,77,Via Natural,VIA,83,2.35,4oz
UB920-6,Coloration Semi-permanente,'746817912043,100,Via Natural,VIA,83,2.35,4oz
UB921-6,Hair Color “122,'746817912241,43,Via Natural,VIA,83,2.35,4oz (6/cs)
UB923-6,Hair Color-Black,'746817912845,45,Via Natural,VIA,83,2.35,4oz (6/cs)
UB924-6,Semi-Permanent Hair Color #130 - Jet Black,'746817913040,84,Via Natural,VIA,83,2.35,4oz (6/cs)
UB922-6,"Semi-Permanent Hair Color, - Blue Black #126",'746817912647,80,Via Natural,VIA,83,2.35,4oz
AG47101-6,Mousse Maximum Shine Wave,'078319471019,4,Vigorol,VIG,84,3.88,12oz
AG47102-6,Olive Oil Mega Moisture Mousse,'078319471026,5,Vigorol,VIG,84,3.88,12oz (6/cs)
AG47103-6,Curls Mousse Super Hold,'078319471033,2,Vigorol,VIG,84,3.88,12oz (6/cs)
AG47104-6,Relaxed Hair Mousse,'078319471040,6,Vigorol,VIG,84,3.88,12oz (6/cs)
AG47252-48,Mousse Olive Oil,'078319472528,3,Vigorol,VIG,84,,
AG47253-48,Curls Mousse,'078319472535,1,Vigorol,VIG,84,,2oz
JSW06-6,Curl Activator Gel Extra Dry,'021634401032,4,Worlds of Curls,WOC,85,6.38,32oz (6/cs)
JSW21,"World Comb Out Conditioner, Regular",'021634101017,2,Worlds of Curls,WOC,85,2.55,8oz
JSW23,Comb Out Conditioner Oil Sheen Spray Moisturizer Extra Dry Hair,'021634201014,1,Worlds of Curls,WOC,85,2.55,8oz
JSW07,World Curl Activator Gel Regular,'021634300090,6,Worlds of Curls,WOC,85,3.58,16.2oz
JSW01,World Curl Activator Conditioner Oil Sheen For Regular Hair,'021634301011,3,Worlds of Curls,WOC,85,2.59,6oz
JSW08,World Curl Activator Gel Extra Dry Hair,'021634400097,7,Worlds of Curls,WOC,85,3.58,16.2oz
JSW04,Worlds Curl Activator Gel For Extra Dry Hair,'021634401018,8,Worlds of Curls,WOC,85,2.59,6oz
JSW03-6,Curl Activator Gel -Reg,'021634301035,5,Worlds of Curls,WOC,85,6.38,32oz (6/cs)
KR51610-24,Disinfectant Concentrate,'017922516113,2,Barbicide,KR,86,4.06,500ml
KR56420-6,Disinfectant Concentrate,'017922564213,3,Barbicide,KR,86,12.71,64oz
KR72130,Spray - For Hair Clippers 5 In 1 Formula,'017922721319,1,Barbicide,KR,86,5.83,
KR61010,Barbicide King Talc Talcum Powder,'017922610118,1,King Talc,KR,87,3.94,9oz
WE03019-6,Color Charm Permanent Liquid Toner - T15 Pale Beige Blonde,'070018066886,2,Wella,WE,88,3.49,1.4oz
WE03020-6,Color Charm Liquid Toner #T27 Medium Beige Blonde,'070018066893,1,Wella,WE,88,3.49,1.4oz
WE03021-6,Color Charm Permanent Liquid Hair Toner T28 Natural Blonde,'070018066909,4,Wella,WE,88,3.49,1.4oz
WE04772-6,Color Charm Permanent Liquid Toner T18 Lightest Ash Blonde,'070018106513,3,Wella,WE,88,3.49,1.4oz
SOM33516-6,Sulfate Free Active Moisture Neutralizing Shampoo,'0802535335165,5,Motions,SOM,89,5.87,473ml
SOM32012-6,Weightless Daily Oil Moisturizer,'087300447049,11,Motions,SOM,89,4.18,
SOM32111-6,Oil Sheen & Conditioning Spray,'087300600178,10,Motions,SOM,89,4.25,
SOM33615,"Smooth & Straighten Hair Relaxer, Mild",'087300600932,3,Motions,SOM,89,5.90,15oz
SOM32111-6,Nourish & Restore Oil Sheen & Conditioning Spray,'802535321113,8,Motions,SOM,89,4.25,408g
SOM32408-6,Style & Create Versatile Foam Styling Lotion,'802535324084,9,Motions,SOM,89,4.19,8.5oz
SOM33216-6,Nourish & Restore Active Moisture Lavish Shampoo,'802535332164,4,Motions,SOM,89,5.90,471g
SOM33316-6,Motion Active Moist Plus Conditioner,'802535333161,6,Motions,SOM,89,5.85,16oz
SOM33412-6,Nourish & Restore Active Moisture Leave In Detangler,'802535334120,7,Motions,SOM,89,4.17,12oz
SOM33715,Classic Formula Hair Relaxer Regular,'802535337152,1,Motions,SOM,89,5.90,15oz
SOM33815,Smooth & Silken Classic Formula Hair Relaxer,'802535338159,2,Motions,SOM,89,5.90,439g
SL005,Edge Control,'086000532659,4,Slay It,SL,90,5.50,
SL007,Mousse,'860005326563,5,Slay It,SL,90,4.79,
SL002,Braid Jam Max Orange,'860005326570,1,Slay It,SL,90,5.50,
SL001,Braid Jam Super Yellow,'860005326587,2,Slay It,SL,90,5.50,
SL006,Edge,'860009565470,3,Slay It,SL,90,2.00,
BIOT2,Therapy Original Cure Soyeuse - 2.26 Fluid Ounce,'090174188871,2,Biosilk,BIOT,91,7.79,
BIOT5,Therapy Original,'633911744932,1,Biosilk,BIOT,91,1.29,15ml
BL362,Edge Gel,'197644336203,1,Bask & Lather,BL,92,,
DUD43708,African Black Soap,'6156000043708,1,Dudu-Osun,DUD,93,1.49,
BE4568,Loc B Retwist Gel,'696168945682,3,Bellatique,BE,94,6.33,8oz
BE4570-24,"Loc B Retwist Loc, Braid, Twist, Edge Gel Maximum Hold",'696168945705,4,Bellatique,BE,94,3.89,0.25lb
BE4773-24,Edge Braid Loc Gel - Maximum Hold,'7099304477314,1,Bellatique,BE,94,3.89,
BE5770,Edge Braid Loc Gel - Maximum Hold,'7099304577090,2,Bellatique,BE,94,6.39,
BM9031,Beard Wash,'743690090318,1,Blessed Men,BM,95,,
BM9033,Beard Oil,'743690090332,2,Blessed Men,BM,95,,
BM9034,Beard Butter,'743690090349,3,Blessed Men,BM,95,,
UB6010,Shave Gel,'746817060102,1,Bump Defense,UB,96,2.75,
UB6011,After Shave,'746817060119,2,Bump Defense,UB,96,2.75,
UB6012,Herbal Moisturizer,'746817060126,3,Bump Defense,UB,96,2.75,3.38oz
NE711,Style Professional Styling Gel Olive Oil,'748378001105,12,Eco Style,NE,97,1.99,227ml
NE113,Style Krystal Max Hold Hair Gel,'748378001136,9,Eco Style,NE,97,1.99,236ml
NE115-6,Style Professional Styling Gel Krystal Max,'748378001150,11,Eco Style,NE,97,4.59,
NE605-6,Style Professional Styling Gel Olive Oil Max Hold,'748378001402,13,Eco Style,NE,97,10.99,5lb
NE905-6,"Style Styling Gel, Olive Oil, Max, Hold",'748378001594,14,Eco Style,NE,97,4.59,339g
NE112-6,Style Krystal Clear Styling Gel,'748378001846,10,Eco Style,NE,97,9.66,5lb
NE113M,Styler Professional Moroccan Argan Oil Styling Gel For All Hair Types,'748378003130,15,Eco Style,NE,97,1.99,8oz
NE115M-6,Professional Moroccan Argan Oil Styling Gel,'748378003178,5,Eco Style,NE,97,3.92,946ml
NE116M-6,Argan Oil Styling Gel,'748378003260,1,Eco Style,NE,97,9.97,80oz
NE117,Style Gel Black Castor & Flaxseed Oil,'748378004205,8,Eco Style,NE,97,2.19,453g
NE906-6,Professional Styling Gel Black Castor & Flaxseed Oil,'748378004212,6,Eco Style,NE,97,2.99,16oz
NE907-6,Style Black Castor & Flaxseed Oil Gel,'748378004229,7,Eco Style,NE,97,4.43,32oz
NE607-6,Black Castor & Flaxseed Oil Gel 2.36Litrs,'748378004496,2,Eco Style,NE,97,10.81,270g
NE114M-6,Styling Gel - Argan Oil,'830372000120,16,Eco Style,NE,97,2.79,
NE114-6,Krystal Gel,'830372000137,3,Eco Style,NE,97,2.89,
NE811-6,Olive Oil Gel,'830372000144,4,Eco Style,NE,97,2.79,426g
PO08,Neatbraid Conditioning Shining Hair Gel,'860000421324,2,Pure O Natural,PO,98,8.50,8oz
PO16,Neatbraid Beauty Professional Conditioning Shining Gel,'860000421393,1,Pure O Natural,PO,98,12.99,16oz
PO216,Twist Loc,'860007732201,3,Pure O Natural,PO,98,18.99,
GU117-36,Moulding Wax Ultra Hold Hair,'8691988008014,1,Gummy,GU,99,4.59,150ml
BSA009,Alopecia Amazing Stimulating Hair Growth Oil,'891303000091,1,Barber Shop Aid,BSA,100,8.95,4oz
LR563,Pink ShortLooks Texturizer Curl Softener Kit,'038276005634,1,Luster's,LS,101,5.25,8oz
SM4103,Liv Creme Hairdressing & Conditioner,'074743410303,1,Summit,SUM,102,4.99,8oz
SM4219,Liv Creme Hairdressing And Conditioner,'074743421903,2,Summit,SUM,102,6.39,8oz
SM4221,Liv Creme Hairdressing & Conditioner,'074743422108,3,Summit,SUM,102,5.25,
JS111,Petroleum Jelly,'075610111101,1,White Rose,WR,103,2.59,12oz
JS950,Skin Soap Bar,'075610950106,3,Black & White,BW,104,2.69,3.5oz
JS943-7,Genuine Skin Tone Cream,'075610963106,2,Black & White,BW,104,5.45,1.5oz
JS984,Genuine & Cocoa Shea Butter Soap,'075610984101,1,Black & White,BW,104,2.69,6.1oz
JS985,Soap,'075610985108,4,Black & White,BW,104,2.69,6.1oz
CO20000,100% Cocoa Butter Stick,'075707200008,1,Africare,AFR,105,2.07,
CO20095,100% Glycerin,'075707200954,2,Africare,AFR,105,5.36,8.5oz
GB001,XL Lace Hair Bonding Glue [Extra Moisture Control],'5391536570002,1,Ghost Bond,GB,106,12.75,
MA57141,Color Off,'666425571411,1,Marianna,MAR,107,9.38,
TP01101,Hair Building Fibers - Black,'667820011014,1,Toppik,TOP,108,14.33,12g
SB00502,Loc N Gel,'672509005024,2,Compare,COM,109,6.99,
SB00503-24,Nairobi Foam Wrap,'672509005031,3,Compare,COM,109,4.00,
SB00505,Loc N Gel Extra,'672509005048,1,Compare,COM,109,6.99,
SB264051,Sebastian Extra Firm,'672509264056,5,Compare,COM,109,7.99,
SB00505-48,Nairobi Foam Wrap,'672509265053,4,Compare,COM,109,1.19,
SON83404-6,Comb Thru Lite Creme Moisturizer Hair & Scalp Conditioner,'802535884045,1,Pro-Line,PL,110,1.63,4oz
HR0195,Volume Boosting Weightless Unscented Mousse,'809219001958,1,Rave,RAVE,111,2.99,7oz
HR01076,4X Mega Scented Aerosol Hairspray - Unisex Hair Spray,'816559010762,4,Rave,RAVE,111,2.99,11oz
HR01077,"Hair Spray, 4x Mega Hold, Unscented",'816559010779,5,Rave,RAVE,111,2.99,11oz
HR2245-18,Hairspray 4X Mega Unscented Aerosol Travel Size,'816559012247,3,Rave,RAVE,111,0.99,1.5oz
HR01630,5x Freeze Ultimate Hold Unscented Hairspray,'816559016306,2,Rave,RAVE,111,2.99,11oz
BC1008-6,B&C Razor Bump Solution,'813070004362,2,Skin Tight,ST,112,18.99,4oz
BC1009-6,B&C Extra Strength Razor Bumps,'813070004447,3,Skin Tight,ST,112,19.49,356ml
BC5581,In-Grown Hair & Razor Bump Creme - Extra Strength,'813070005581,1,Skin Tight,ST,112,7.39,2oz
BC1006,Skin Tight In Grown Hair Razor Bump Creme,'813070004522,1,B&C,BC,113,6.39,2oz
RA5630,100% Natural Turmeric Soap Bar,'850031243699,16,RA Cosmetics,RA,114,3.21,5oz
RA9909,100% Black Soap & Turmeric #2,'850063110112,15,RA Cosmetics,RA,114,2.69,5oz
RA7816,Batana Hair & Body Soap Bar,'850063110938,8,RA Cosmetics,RA,114,3.21,6oz
RA02263-18,100 African Shea Butter Whipped Lemongrass,'850546000800,4,RA Cosmetics,RA,114,7.14,12oz
RA5624,100% Black Soap Body Wash Lemon-grass Scent By Trifing,'850546001081,1,RA Cosmetics,RA,114,2.69,13oz
RA02264-18,100% African Ivory Shea Butter Whipped - Mango,'850546001227,2,RA Cosmetics,RA,114,7.14,12oz
RA0147-24,Cosmetic African Shea Butter 100% Natural,'850546001265,5,RA Cosmetics,RA,114,4.29,8oz
RA0225,RA Pure Shea Butter Chunk,'850546001272,7,RA Cosmetics,RA,114,4.29,
RA0148,African Shea Butter 100% Natural,'850546001289,3,RA Cosmetics,RA,114,6.99,16oz
RA5622,100% Natural Black Soap With Lavender,'850546001340,14,RA Cosmetics,RA,114,2.69,5oz
RA5623,100% Black Soap,'850546001357,10,RA Cosmetics,RA,114,2.69,
RA02262-18,100% Pure African Shea Butter [Whipped],'850546002262,6,RA Cosmetics,RA,114,7.14,12oz
RA5625,100% Black Soap,'850546056258,11,RA Cosmetics,RA,114,2.69,
RA0142,RA Black Soap Bar,'850546056265,9,RA Cosmetics,RA,114,2.69,
RA5621,100% Black Soap Bar W/ Lemon Grass #28,'850546056357,13,RA Cosmetics,RA,114,2.69,5oz
RA5640,100% Black Soap Bar w/Coconut #38,'850546056449,12,RA Cosmetics,RA,114,2.69,5oz
AIA04009-6,Restore & Repair Jamaican Black Castor Oil Water,'858380040099,3,As I Am,AIA,115,4.65,
AIA04512-6,Rice Water Hair Spray,'858380045124,4,As I Am,AIA,115,5.99,16oz
AIA04519-6,Rice Water Conditioner,'858380045193,2,As I Am,AIA,115,6.59,8oz
AIA04520-6,Rice Water Shampoo,'858380045209,1,As I Am,AIA,115,6.59,8oz
